pair_rank,document_a,document_b,concept,quote_a,chunk_id_a,unicode_start_a,unicode_end_a,selected_fact_id_a,selected_label_a,quote_b,chunk_id_b,unicode_start_b,unicode_end_b,selected_fact_id_b,selected_label_b,missed_connection_reason,claim_scope_caution,annotation_method,selected_mapping_basis
1,D060,D078,graphene gas sensing,graphene sensors,006deffa-1906-4677-942b-2a29bd47046b,70,86,,,graphene gas sensors,8e528f95-22fc-4b9a-8b16-90391b584bc3,96,116,085635fc-2e57-43a6-a9f1-d932298baef9,gate-free graphene gas sensors enabled by nondestructive molecular n-doping,"No manually selected label explicitly naming this topic on A; extraction/coverage, granularity or background-scope policy may contribute. Fact quotes can still mention it. This is not an extractor recall estimate.","Same molecular-doping sensor area; D060 improves NH3 detection, D078 reports no NH3 response. Do not merge these claims.",analyst_assistant_manual_single_rater,explicit label content or narrower family/qualified topic; quote context excluded; not strict SAME
1,D060,D078,molecular doping,molecular doping,006deffa-1906-4677-942b-2a29bd47046b,23,39,,,molecular n-doping,509195ce-f818-487d-8196-eb0511b0acaf,533,551,085635fc-2e57-43a6-a9f1-d932298baef9,gate-free graphene gas sensors enabled by nondestructive molecular n-doping,"No manually selected label explicitly naming this topic on A; extraction/coverage, granularity or background-scope policy may contribute. Fact quotes can still mention it. This is not an extractor recall estimate.","Same molecular-doping sensor area; D060 improves NH3 detection, D078 reports no NH3 response. Do not merge these claims.",analyst_assistant_manual_single_rater,explicit label content or narrower family/qualified topic; quote context excluded; not strict SAME
1,D060,D078,NO2 adsorption/doping,adsorption of NO2 molecules,006deffa-1906-4677-942b-2a29bd47046b,607,634,,,adsorption of NO 2,8e528f95-22fc-4b9a-8b16-90391b584bc3,803,821,22e575de-bfb2-46ef-aabb-efe823780c22,preferential adsorption of no 2 on n-doped graphene,"No manually selected label explicitly naming this topic on A; extraction/coverage, granularity or background-scope policy may contribute. Fact quotes can still mention it. This is not an extractor recall estimate.","Same molecular-doping sensor area; D060 improves NH3 detection, D078 reports no NH3 response. Do not merge these claims.",analyst_assistant_manual_single_rater,explicit label content or narrower family/qualified topic; quote context excluded; not strict SAME
1,D060,D078,NH3 as discussed analyte,NH3 molecules,006deffa-1906-4677-942b-2a29bd47046b,132,145,,,NH 3,509195ce-f818-487d-8196-eb0511b0acaf,62,66,,,"No manually selected label explicitly naming this topic on both sides; extraction/coverage, granularity or background-scope policy may contribute. Fact quotes can still mention it. This is not an extractor recall estimate.","Same molecular-doping sensor area; D060 improves NH3 detection, D078 reports no NH3 response. Do not merge these claims.",analyst_assistant_manual_single_rater,explicit label content or narrower family/qualified topic; quote context excluded; not strict SAME
2,D035,D092,DFT investigation,density functional theory (DFT),4f0f0e24-163f-4d49-a509-72a2393efd6a,18,49,,,density functional computations,8c72db49-9f37-4151-a3be-46a88d5af916,187,218,,,"No manually selected label explicitly naming this topic on both sides; extraction/coverage, granularity or background-scope policy may contribute. Fact quotes can still mention it. This is not an extractor recall estimate.",Same theoretical doped-graphene gas-sensing area; co-doping and defects differ.,analyst_assistant_manual_single_rater,explicit label content or narrower family/qualified topic; quote context excluded; not strict SAME
2,D035,D092,boron/nitrogen doped graphene,"B@, N@",4f0f0e24-163f-4d49-a509-72a2393efd6a,143,149,b06666c9-6054-45ad-8b32-dfc719ea2783,b–n codoping on graphene,B- or N-doped,8c72db49-9f37-4151-a3be-46a88d5af916,71,84,,,"No manually selected label explicitly naming this topic on B; extraction/coverage, granularity or background-scope policy may contribute. Fact quotes can still mention it. This is not an extractor recall estimate.",Same theoretical doped-graphene gas-sensing area; co-doping and defects differ.,analyst_assistant_manual_single_rater,explicit label content or narrower family/qualified topic; quote context excluded; not strict SAME
2,D035,D092,gas adsorption energy,adsorption energies,4f0f0e24-163f-4d49-a509-72a2393efd6a,195,214,,,adsorption energy,8c72db49-9f37-4151-a3be-46a88d5af916,619,636,,,"No manually selected label explicitly naming this topic on both sides; extraction/coverage, granularity or background-scope policy may contribute. Fact quotes can still mention it. This is not an extractor recall estimate.",Same theoretical doped-graphene gas-sensing area; co-doping and defects differ.,analyst_assistant_manual_single_rater,explicit label content or narrower family/qualified topic; quote context excluded; not strict SAME
2,D035,D092,NO/NO2 analytes,"NO, and NO 2",4f0f0e24-163f-4d49-a509-72a2393efd6a,91,103,,,"NO, NO(2)",8c72db49-9f37-4151-a3be-46a88d5af916,139,148,,,"No manually selected label explicitly naming this topic on both sides; extraction/coverage, granularity or background-scope policy may contribute. Fact quotes can still mention it. This is not an extractor recall estimate.",Same theoretical doped-graphene gas-sensing area; co-doping and defects differ.,analyst_assistant_manual_single_rater,explicit label content or narrower family/qualified topic; quote context excluded; not strict SAME
2,D035,D092,electronic properties,electronic properties,4f0f0e24-163f-4d49-a509-72a2393efd6a,369,390,,,electronic properties,8c72db49-9f37-4151-a3be-46a88d5af916,294,315,,,"No manually selected label explicitly naming this topic on both sides; extraction/coverage, granularity or background-scope policy may contribute. Fact quotes can still mention it. This is not an extractor recall estimate.",Same theoretical doped-graphene gas-sensing area; co-doping and defects differ.,analyst_assistant_manual_single_rater,explicit label content or narrower family/qualified topic; quote context excluded; not strict SAME
3,D057,D067,epitaxial graphene,epitaxial graphene,976ee6e9-bd12-4f15-bf38-30fbd15105ba,69,87,,,epitaxial graphene,b5b668aa-f2e0-4200-8bde-ef54cfc4f287,117,135,,,"No manually selected label explicitly naming this topic on both sides; extraction/coverage, granularity or background-scope policy may contribute. Fact quotes can still mention it. This is not an extractor recall estimate.",Highly specific common platform; relative sensitivity rankings differ and must stay separate.,analyst_assistant_manual_single_rater,explicit label content or narrower family/qualified topic; quote context excluded; not strict SAME
3,D057,D067,quasi-free-standing graphene,quasi freestanding epitaxial graphene,976ee6e9-bd12-4f15-bf38-30fbd15105ba,92,129,,,quasi-free-standing graphene,b5b668aa-f2e0-4200-8bde-ef54cfc4f287,137,165,,,"No manually selected label explicitly naming this topic on both sides; extraction/coverage, granularity or background-scope policy may contribute. Fact quotes can still mention it. This is not an extractor recall estimate.",Highly specific common platform; relative sensitivity rankings differ and must stay separate.,analyst_assistant_manual_single_rater,explicit label content or narrower family/qualified topic; quote context excluded; not strict SAME
3,D057,D067,SiC substrate,6H-SiC substrates,976ee6e9-bd12-4f15-bf38-30fbd15105ba,133,150,,,SiC substrates,b5b668aa-f2e0-4200-8bde-ef54cfc4f287,205,219,,,"No manually selected label explicitly naming this topic on both sides; extraction/coverage, granularity or background-scope policy may contribute. Fact quotes can still mention it. This is not an extractor recall estimate.",Highly specific common platform; relative sensitivity rankings differ and must stay separate.,analyst_assistant_manual_single_rater,explicit label content or narrower family/qualified topic; quote context excluded; not strict SAME
3,D057,D067,NO2 sensitivity,NO2 sensitivity,976ee6e9-bd12-4f15-bf38-30fbd15105ba,217,232,43ce1bad-ea6c-4803-a995-fffcd96a0914,6 fold increase in no2 sensitivity compared to epitaxial graphene,high sensitivity to NO2,b5b668aa-f2e0-4200-8bde-ef54cfc4f287,395,418,0bc7baab-db9a-4bf8-8cb6-9f81a1e1cf7e,high sensitivity to no2,"Present only as differing qualified/propositional/material-family facts; needs typed concept projection, not assumed strict alias.",Highly specific common platform; relative sensitivity rankings differ and must stay separate.,analyst_assistant_manual_single_rater,explicit label content or narrower family/qualified topic; quote context excluded; not strict SAME
3,D057,D067,ppb detection,1 ppb,976ee6e9-bd12-4f15-bf38-30fbd15105ba,336,341,4dab40b9-aa10-41c7-9d9e-a45bd8eff12d,sensitivity better than the experimentally limited 1 ppb,1 ppb,b5b668aa-f2e0-4200-8bde-ef54cfc4f287,479,484,d4096d3b-8d7a-45b9-a969-8237f0f8a33a,detection limit of 1 ppb,"Present only as differing qualified/propositional/material-family facts; needs typed concept projection, not assumed strict alias.",Highly specific common platform; relative sensitivity rankings differ and must stay separate.,analyst_assistant_manual_single_rater,explicit label content or narrower family/qualified topic; quote context excluded; not strict SAME
4,D035,D045,density functional theory,density functional theory,4f0f0e24-163f-4d49-a509-72a2393efd6a,18,43,,,density-functional theory,ddf32319-6303-4e68-94ac-f38e91d629c9,140,165,,,"No manually selected label explicitly naming this topic on both sides; extraction/coverage, granularity or background-scope policy may contribute. Fact quotes can still mention it. This is not an extractor recall estimate.",Same computational adsorption area; dopant sets and conclusions differ.,analyst_assistant_manual_single_rater,explicit label content or narrower family/qualified topic; quote context excluded; not strict SAME
4,D035,D045,B/N doped graphene,"B@, N@",4f0f0e24-163f-4d49-a509-72a2393efd6a,143,149,b06666c9-6054-45ad-8b32-dfc719ea2783,b–n codoping on graphene,B- and N-doped graphene,ddf32319-6303-4e68-94ac-f38e91d629c9,167,190,5822766c-71b3-4647-8032-6d657e06edb2,b- and n-doped graphene retain a planar form,"Present only as differing qualified/propositional/material-family facts; needs typed concept projection, not assumed strict alias.",Same computational adsorption area; dopant sets and conclusions differ.,analyst_assistant_manual_single_rater,explicit label content or narrower family/qualified topic; quote context excluded; not strict SAME
4,D035,D045,NO/NO2 adsorption,"NO, and NO 2",4f0f0e24-163f-4d49-a509-72a2393efd6a,91,103,,,NO and NO2,ddf32319-6303-4e68-94ac-f38e91d629c9,288,298,b91bccf8-d273-407d-b9a5-5a76c5fdd37f,only no and no2 bind to b-doped graphene,"No manually selected label explicitly naming this topic on A; extraction/coverage, granularity or background-scope policy may contribute. Fact quotes can still mention it. This is not an extractor recall estimate.",Same computational adsorption area; dopant sets and conclusions differ.,analyst_assistant_manual_single_rater,explicit label content or narrower family/qualified topic; quote context excluded; not strict SAME
4,D035,D045,adsorption,adsorption energies,4f0f0e24-163f-4d49-a509-72a2393efd6a,195,214,,,adsorption,ddf32319-6303-4e68-94ac-f38e91d629c9,4,14,b91bccf8-d273-407d-b9a5-5a76c5fdd37f,only no and no2 bind to b-doped graphene,"No manually selected label explicitly naming this topic on A; extraction/coverage, granularity or background-scope policy may contribute. Fact quotes can still mention it. This is not an extractor recall estimate.",Same computational adsorption area; dopant sets and conclusions differ.,analyst_assistant_manual_single_rater,explicit label content or narrower family/qualified topic; quote context excluded; not strict SAME
5,D085,D092,graphene gas sensors,Graphene holds great promise in gas sensor applications,b521e874-57f4-4f70-865b-c340c09efe4d,0,55,,,graphene-based chemical gas sensors,8c72db49-9f37-4151-a3be-46a88d5af916,1077,1112,,,"No manually selected label explicitly naming this topic on both sides; extraction/coverage, granularity or background-scope policy may contribute. Fact quotes can still mention it. This is not an extractor recall estimate.",Experimental versus theoretical work in same doping/adsorption area.,analyst_assistant_manual_single_rater,explicit label content or narrower family/qualified topic; quote context excluded; not strict SAME
5,D085,D092,graphene doping,graphene doping level,b521e874-57f4-4f70-865b-c340c09efe4d,576,597,,,B- or N-doped,8c72db49-9f37-4151-a3be-46a88d5af916,71,84,,,"No manually selected label explicitly naming this topic on both sides; extraction/coverage, granularity or background-scope policy may contribute. Fact quotes can still mention it. This is not an extractor recall estimate.",Experimental versus theoretical work in same doping/adsorption area.,analyst_assistant_manual_single_rater,explicit label content or narrower family/qualified topic; quote context excluded; not strict SAME
5,D085,D092,NO2 adsorption,adsorbed molecules,c6561bcb-d92c-41a0-aa2c-8fce57738736,182,200,,,adsorbed molecules,8c72db49-9f37-4151-a3be-46a88d5af916,783,801,,,"No manually selected label explicitly naming this topic on both sides; extraction/coverage, granularity or background-scope policy may contribute. Fact quotes can still mention it. This is not an extractor recall estimate.",Experimental versus theoretical work in same doping/adsorption area.,analyst_assistant_manual_single_rater,explicit label content or narrower family/qualified topic; quote context excluded; not strict SAME
5,D085,D092,electrical/electronic response,electrical responses,b521e874-57f4-4f70-865b-c340c09efe4d,908,928,,,electronic properties,8c72db49-9f37-4151-a3be-46a88d5af916,294,315,,,"No manually selected label explicitly naming this topic on both sides; extraction/coverage, granularity or background-scope policy may contribute. Fact quotes can still mention it. This is not an extractor recall estimate.",Experimental versus theoretical work in same doping/adsorption area.,analyst_assistant_manual_single_rater,explicit label content or narrower family/qualified topic; quote context excluded; not strict SAME
6,D060,D092,graphene gas sensors,graphene sensors,006deffa-1906-4677-942b-2a29bd47046b,70,86,,,graphene-based chemical gas sensors,8c72db49-9f37-4151-a3be-46a88d5af916,1077,1112,,,"No manually selected label explicitly naming this topic on both sides; extraction/coverage, granularity or background-scope policy may contribute. Fact quotes can still mention it. This is not an extractor recall estimate.",Same area; D060 molecular doping versus substitutional/defect models in D092.,analyst_assistant_manual_single_rater,explicit label content or narrower family/qualified topic; quote context excluded; not strict SAME
6,D060,D092,graphene doping,doping,006deffa-1906-4677-942b-2a29bd47046b,33,39,,,B-doped graphene,8c72db49-9f37-4151-a3be-46a88d5af916,680,696,,,"No manually selected label explicitly naming this topic on both sides; extraction/coverage, granularity or background-scope policy may contribute. Fact quotes can still mention it. This is not an extractor recall estimate.",Same area; D060 molecular doping versus substitutional/defect models in D092.,analyst_assistant_manual_single_rater,explicit label content or narrower family/qualified topic; quote context excluded; not strict SAME
6,D060,D092,NH3 discussion,NH3 molecules,006deffa-1906-4677-942b-2a29bd47046b,132,145,,,NH(3),8c72db49-9f37-4151-a3be-46a88d5af916,153,158,,,"No manually selected label explicitly naming this topic on both sides; extraction/coverage, granularity or background-scope policy may contribute. Fact quotes can still mention it. This is not an extractor recall estimate.",Same area; D060 molecular doping versus substitutional/defect models in D092.,analyst_assistant_manual_single_rater,explicit label content or narrower family/qualified topic; quote context excluded; not strict SAME
6,D060,D092,NO2 discussion,NO2 molecules,006deffa-1906-4677-942b-2a29bd47046b,621,634,,,NO(2),8c72db49-9f37-4151-a3be-46a88d5af916,143,148,,,"No manually selected label explicitly naming this topic on both sides; extraction/coverage, granularity or background-scope policy may contribute. Fact quotes can still mention it. This is not an extractor recall estimate.",Same area; D060 molecular doping versus substitutional/defect models in D092.,analyst_assistant_manual_single_rater,explicit label content or narrower family/qualified topic; quote context excluded; not strict SAME
6,D060,D092,adsorption,adsorption,006deffa-1906-4677-942b-2a29bd47046b,301,311,,,adsorption,8c72db49-9f37-4151-a3be-46a88d5af916,341,351,,,"No manually selected label explicitly naming this topic on both sides; extraction/coverage, granularity or background-scope policy may contribute. Fact quotes can still mention it. This is not an extractor recall estimate.",Same area; D060 molecular doping versus substitutional/defect models in D092.,analyst_assistant_manual_single_rater,explicit label content or narrower family/qualified topic; quote context excluded; not strict SAME
7,D046,D068,metal oxide/graphene composites,metal-oxide semiconductors and graphene,59f81eda-d3da-4554-9204-192933b68c9f,532,571,,,Metal oxide/graphene nanocomposites,0ec317d5-3c20-41e0-9f78-67fec485b6cc,0,35,92c86db7-5c66-4cac-9477-d48b491636e9,wo 3 nanorods/sulfonated reduced graphene oxide (s-rgo),"No manually selected label explicitly naming this topic on A; extraction/coverage, granularity or background-scope policy may contribute. Fact quotes can still mention it. This is not an extractor recall estimate.",Review and concrete WO3/S-rGO device share platform and design challenges.,analyst_assistant_manual_single_rater,explicit label content or narrower family/qualified topic; quote context excluded; not strict SAME
7,D046,D068,room-temperature sensing,at room temperature,59f81eda-d3da-4554-9204-192933b68c9f,346,365,,,room-temperature gas sensors,0ec317d5-3c20-41e0-9f78-67fec485b6cc,87,115,3f90e176-8e78-4310-a1ee-8d29b1a497a1,room-temperature gas sensor,"No manually selected label explicitly naming this topic on A; extraction/coverage, granularity or background-scope policy may contribute. Fact quotes can still mention it. This is not an extractor recall estimate.",Review and concrete WO3/S-rGO device share platform and design challenges.,analyst_assistant_manual_single_rater,explicit label content or narrower family/qualified topic; quote context excluded; not strict SAME
7,D046,D068,NO2 sensing,NO 2,59f81eda-d3da-4554-9204-192933b68c9f,810,814,,,NO 2,0ec317d5-3c20-41e0-9f78-67fec485b6cc,329,333,fda3b685-06f0-4409-b129-b64ac96e9bdf,highly sensitive and rapidly responding room-temperature no 2 gas sensor,"No manually selected label explicitly naming this topic on A; extraction/coverage, granularity or background-scope policy may contribute. Fact quotes can still mention it. This is not an extractor recall estimate.",Review and concrete WO3/S-rGO device share platform and design challenges.,analyst_assistant_manual_single_rater,explicit label content or narrower family/qualified topic; quote context excluded; not strict SAME
7,D046,D068,response/recovery kinetics,response/recovery rate,59f81eda-d3da-4554-9204-192933b68c9f,654,676,86a5d10e-38d2-47e6-9bd7-90b41f46048e,long recovery time,recovery kinetics,0ec317d5-3c20-41e0-9f78-67fec485b6cc,218,235,919fafa3-7212-4993-a08d-cde977645b94,extremely fast recovery kinetics,"Present only as differing qualified/propositional/material-family facts; needs typed concept projection, not assumed strict alias.",Review and concrete WO3/S-rGO device share platform and design challenges.,analyst_assistant_manual_single_rater,explicit label content or narrower family/qualified topic; quote context excluded; not strict SAME
7,D046,D068,selectivity,selectivity,59f81eda-d3da-4554-9204-192933b68c9f,201,212,,,selectivity,0ec317d5-3c20-41e0-9f78-67fec485b6cc,722,733,3b0e983b-8359-4e65-8ab1-b53e44cd2bd7,selectivity,"No manually selected label explicitly naming this topic on A; extraction/coverage, granularity or background-scope policy may contribute. Fact quotes can still mention it. This is not an extractor recall estimate.",Review and concrete WO3/S-rGO device share platform and design challenges.,analyst_assistant_manual_single_rater,explicit label content or narrower family/qualified topic; quote context excluded; not strict SAME
8,D045,D092,density functional calculations,density-functional theory,ddf32319-6303-4e68-94ac-f38e91d629c9,140,165,,,density functional computations,8c72db49-9f37-4151-a3be-46a88d5af916,187,218,,,"No manually selected label explicitly naming this topic on both sides; extraction/coverage, granularity or background-scope policy may contribute. Fact quotes can still mention it. This is not an extractor recall estimate.",Same theoretical sensing area.,analyst_assistant_manual_single_rater,explicit label content or narrower family/qualified topic; quote context excluded; not strict SAME
8,D045,D092,B/N doped graphene,B- and N-doped graphene,ddf32319-6303-4e68-94ac-f38e91d629c9,167,190,5822766c-71b3-4647-8032-6d657e06edb2,b- and n-doped graphene retain a planar form,B- or N-doped,8c72db49-9f37-4151-a3be-46a88d5af916,71,84,,,"No manually selected label explicitly naming this topic on B; extraction/coverage, granularity or background-scope policy may contribute. Fact quotes can still mention it. This is not an extractor recall estimate.",Same theoretical sensing area.,analyst_assistant_manual_single_rater,explicit label content or narrower family/qualified topic; quote context excluded; not strict SAME
8,D045,D092,gas adsorption,adsorption,ddf32319-6303-4e68-94ac-f38e91d629c9,4,14,b91bccf8-d273-407d-b9a5-5a76c5fdd37f,only no and no2 bind to b-doped graphene,adsorption,8c72db49-9f37-4151-a3be-46a88d5af916,341,351,,,"No manually selected label explicitly naming this topic on B; extraction/coverage, granularity or background-scope policy may contribute. Fact quotes can still mention it. This is not an extractor recall estimate.",Same theoretical sensing area.,analyst_assistant_manual_single_rater,explicit label content or narrower family/qualified topic; quote context excluded; not strict SAME
8,D045,D092,NO2 analyte,NO2,ddf32319-6303-4e68-94ac-f38e91d629c9,295,298,b91bccf8-d273-407d-b9a5-5a76c5fdd37f,only no and no2 bind to b-doped graphene,NO(2),8c72db49-9f37-4151-a3be-46a88d5af916,143,148,,,"No manually selected label explicitly naming this topic on B; extraction/coverage, granularity or background-scope policy may contribute. Fact quotes can still mention it. This is not an extractor recall estimate.",Same theoretical sensing area.,analyst_assistant_manual_single_rater,explicit label content or narrower family/qualified topic; quote context excluded; not strict SAME
9,D036,D086,graphene,Graphene,77eef711-98b5-4741-a66c-98503fbbd396,172,180,,,graphene,c84b43c0-e4a1-4404-a809-3ca4777783cc,43,51,5c746e81-98c2-4a66-918e-c6bb01b5e9b7,graphene's unique electronic structures and properties,"No manually selected label explicitly naming this topic on A; extraction/coverage, granularity or background-scope policy may contribute. Fact quotes can still mention it. This is not an extractor recall estimate.","Same graphene sensor review topic; nanotubes are discussed as related material, not graphene alias.",analyst_assistant_manual_single_rater,explicit label content or narrower family/qualified topic; quote context excluded; not strict SAME
9,D036,D086,atomically thin carbon,single-atom-thick,77eef711-98b5-4741-a66c-98503fbbd396,186,203,,,Atomically thin sheets of carbon,c84b43c0-e4a1-4404-a809-3ca4777783cc,0,32,,,"No manually selected label explicitly naming this topic on both sides; extraction/coverage, granularity or background-scope policy may contribute. Fact quotes can still mention it. This is not an extractor recall estimate.","Same graphene sensor review topic; nanotubes are discussed as related material, not graphene alias.",analyst_assistant_manual_single_rater,explicit label content or narrower family/qualified topic; quote context excluded; not strict SAME
9,D036,D086,gas sensors,gas sensor,77eef711-98b5-4741-a66c-98503fbbd396,692,702,d8c1951c-29a1-4f4f-845c-c71a79826b11,ultrasensitive chemical or gas sensor,gas sensors,c84b43c0-e4a1-4404-a809-3ca4777783cc,1092,1103,,,"No manually selected label explicitly naming this topic on B; extraction/coverage, granularity or background-scope policy may contribute. Fact quotes can still mention it. This is not an extractor recall estimate.","Same graphene sensor review topic; nanotubes are discussed as related material, not graphene alias.",analyst_assistant_manual_single_rater,explicit label content or narrower family/qualified topic; quote context excluded; not strict SAME
9,D036,D086,carbon nanotubes,carbon nanotubes,77eef711-98b5-4741-a66c-98503fbbd396,404,420,8ce38602-0e4d-4d26-ac19-89caef31d167,single-walled carbon nanotubes,carbon nanotubes,c84b43c0-e4a1-4404-a809-3ca4777783cc,901,917,,,"No manually selected label explicitly naming this topic on B; extraction/coverage, granularity or background-scope policy may contribute. Fact quotes can still mention it. This is not an extractor recall estimate.","Same graphene sensor review topic; nanotubes are discussed as related material, not graphene alias.",analyst_assistant_manual_single_rater,explicit label content or narrower family/qualified topic; quote context excluded; not strict SAME
10,D060,D085,graphene gas sensing,graphene sensors,006deffa-1906-4677-942b-2a29bd47046b,70,86,,,Graphene holds great promise in gas sensor applications,b521e874-57f4-4f70-865b-c340c09efe4d,0,55,,,"No manually selected label explicitly naming this topic on both sides; extraction/coverage, granularity or background-scope policy may contribute. Fact quotes can still mention it. This is not an extractor recall estimate.",Strong shared mechanism; target sensing task NH3 versus NO2 differs.,analyst_assistant_manual_single_rater,explicit label content or narrower family/qualified topic; quote context excluded; not strict SAME
10,D060,D085,NO2 doping/adsorption,adsorption of NO2 molecules,006deffa-1906-4677-942b-2a29bd47046b,607,634,,,graphene and NO2,b521e874-57f4-4f70-865b-c340c09efe4d,1039,1055,,,"No manually selected label explicitly naming this topic on both sides; extraction/coverage, granularity or background-scope policy may contribute. Fact quotes can still mention it. This is not an extractor recall estimate.",Strong shared mechanism; target sensing task NH3 versus NO2 differs.,analyst_assistant_manual_single_rater,explicit label content or narrower family/qualified topic; quote context excluded; not strict SAME
10,D060,D085,electrical response,electrical resistance,006deffa-1906-4677-942b-2a29bd47046b,276,297,,,electrical response,b521e874-57f4-4f70-865b-c340c09efe4d,908,927,,,"No manually selected label explicitly naming this topic on both sides; extraction/coverage, granularity or background-scope policy may contribute. Fact quotes can still mention it. This is not an extractor recall estimate.",Strong shared mechanism; target sensing task NH3 versus NO2 differs.,analyst_assistant_manual_single_rater,explicit label content or narrower family/qualified topic; quote context excluded; not strict SAME
10,D060,D085,graphene doping,doping,006deffa-1906-4677-942b-2a29bd47046b,33,39,,,graphene doping level,b521e874-57f4-4f70-865b-c340c09efe4d,576,597,,,"No manually selected label explicitly naming this topic on both sides; extraction/coverage, granularity or background-scope policy may contribute. Fact quotes can still mention it. This is not an extractor recall estimate.",Strong shared mechanism; target sensing task NH3 versus NO2 differs.,analyst_assistant_manual_single_rater,explicit label content or narrower family/qualified topic; quote context excluded; not strict SAME
11,D039,D043,2D gas-sensing materials,2D materials,f69033d8-3861-45bc-a9a7-89d2b147c41c,126,138,,,2D materials,2061763d-b4f9-47e4-9560-4b654f81c4c8,212,224,1c6d619a-83bd-4b27-8689-8d6f04d8d5fd,2d materials,"No manually selected label explicitly naming this topic on A; extraction/coverage, granularity or background-scope policy may contribute. Fact quotes can still mention it. This is not an extractor recall estimate.",Two broad reviews with overlapping material families; not equivalence of all members.,analyst_assistant_manual_single_rater,explicit label content or narrower family/qualified topic; quote context excluded; not strict SAME
11,D039,D043,graphene material family,Graphene oxide,f69033d8-3861-45bc-a9a7-89d2b147c41c,467,481,,,Graphene,2061763d-b4f9-47e4-9560-4b654f81c4c8,728,736,63e99aaa-7d4a-45ae-93de-f44a2bd9f352,graphene,"No manually selected label explicitly naming this topic on A; extraction/coverage, granularity or background-scope policy may contribute. Fact quotes can still mention it. This is not an extractor recall estimate.",Two broad reviews with overlapping material families; not equivalence of all members.,analyst_assistant_manual_single_rater,explicit label content or narrower family/qualified topic; quote context excluded; not strict SAME
11,D039,D043,transition metal chalcogenides,MoS₂,f69033d8-3861-45bc-a9a7-89d2b147c41c,633,637,,,transition metal chalcogenides,2061763d-b4f9-47e4-9560-4b654f81c4c8,738,768,d41962eb-415e-4c92-9144-23116b5a635c,transition metal chalcogenides,"No manually selected label explicitly naming this topic on A; extraction/coverage, granularity or background-scope policy may contribute. Fact quotes can still mention it. This is not an extractor recall estimate.",Two broad reviews with overlapping material families; not equivalence of all members.,analyst_assistant_manual_single_rater,explicit label content or narrower family/qualified topic; quote context excluded; not strict SAME
11,D039,D043,gas sensors,gas sensing devices,f69033d8-3861-45bc-a9a7-89d2b147c41c,446,465,,,gas sensors,2061763d-b4f9-47e4-9560-4b654f81c4c8,67,78,,,"No manually selected label explicitly naming this topic on both sides; extraction/coverage, granularity or background-scope policy may contribute. Fact quotes can still mention it. This is not an extractor recall estimate.",Two broad reviews with overlapping material families; not equivalence of all members.,analyst_assistant_manual_single_rater,explicit label content or narrower family/qualified topic; quote context excluded; not strict SAME
12,D040,D064,reduced graphene oxide,reduced graphene oxide,6d47eced-5f01-430f-ad40-e3712888465c,59,81,,,reduced graphene oxide,27279f3b-8961-4d21-8bb0-cc66d87455f7,77,99,,,"No manually selected label explicitly naming this topic on both sides; extraction/coverage, granularity or background-scope policy may contribute. Fact quotes can still mention it. This is not an extractor recall estimate.",Specific common rGO/pyrrole/NH3 platform; electrode architecture and metrics differ.,analyst_assistant_manual_single_rater,explicit label content or narrower family/qualified topic; quote context excluded; not strict SAME
12,D040,D064,NH3 sensing,ammonia (NH3),6d47eced-5f01-430f-ad40-e3712888465c,635,648,,,ammonia (NH3),27279f3b-8961-4d21-8bb0-cc66d87455f7,271,284,,,"No manually selected label explicitly naming this topic on both sides; extraction/coverage, granularity or background-scope policy may contribute. Fact quotes can still mention it. This is not an extractor recall estimate.",Specific common rGO/pyrrole/NH3 platform; electrode architecture and metrics differ.,analyst_assistant_manual_single_rater,explicit label content or narrower family/qualified topic; quote context excluded; not strict SAME
12,D040,D064,pyrrole reduction,pyrrole vapor,6d47eced-5f01-430f-ad40-e3712888465c,473,486,,,by pyrrole,27279f3b-8961-4d21-8bb0-cc66d87455f7,197,207,,,"No manually selected label explicitly naming this topic on both sides; extraction/coverage, granularity or background-scope policy may contribute. Fact quotes can still mention it. This is not an extractor recall estimate.",Specific common rGO/pyrrole/NH3 platform; electrode architecture and metrics differ.,analyst_assistant_manual_single_rater,explicit label content or narrower family/qualified topic; quote context excluded; not strict SAME
12,D040,D064,repeatability,repeatability,6d47eced-5f01-430f-ad40-e3712888465c,1007,1020,,,repeatability,27279f3b-8961-4d21-8bb0-cc66d87455f7,613,626,,,"No manually selected label explicitly naming this topic on both sides; extraction/coverage, granularity or background-scope policy may contribute. Fact quotes can still mention it. This is not an extractor recall estimate.",Specific common rGO/pyrrole/NH3 platform; electrode architecture and metrics differ.,analyst_assistant_manual_single_rater,explicit label content or narrower family/qualified topic; quote context excluded; not strict SAME
12,D040,D064,low-cost/scalable fabrication,low-cost,48dfe6c5-1997-429f-adc2-1a637fa0d938,182,190,,,low cost,27279f3b-8961-4d21-8bb0-cc66d87455f7,675,683,,,"No manually selected label explicitly naming this topic on both sides; extraction/coverage, granularity or background-scope policy may contribute. Fact quotes can still mention it. This is not an extractor recall estimate.",Specific common rGO/pyrrole/NH3 platform; electrode architecture and metrics differ.,analyst_assistant_manual_single_rater,explicit label content or narrower family/qualified topic; quote context excluded; not strict SAME
13,D008,D064,reduced graphene oxide,reduced graphene oxide,3f2d39d3-d5c4-4089-92c3-86438ce93d35,89,111,46461f95-a02a-4a6d-b2a0-5443cc08645d,nitrogen-doped to improving the gas-sensing properties of reduced graphene oxide,reduced graphene oxide,27279f3b-8961-4d21-8bb0-cc66d87455f7,77,99,,,"No manually selected label explicitly naming this topic on B; extraction/coverage, granularity or background-scope policy may contribute. Fact quotes can still mention it. This is not an extractor recall estimate.",Common rGO ambient sensing; NO and NH3 are distinct analytes and cannot be merged.,analyst_assistant_manual_single_rater,explicit label content or narrower family/qualified topic; quote context excluded; not strict SAME
13,D008,D064,room-temperature gas sensing,room temperature,3f2d39d3-d5c4-4089-92c3-86438ce93d35,691,707,50212e1c-7f6a-43d1-803c-7bb1288a49e3,responsive to low concentrations of no gases (< 1000 ppb) at room temperature,room temperature,27279f3b-8961-4d21-8bb0-cc66d87455f7,24,40,,,"No manually selected label explicitly naming this topic on B; extraction/coverage, granularity or background-scope policy may contribute. Fact quotes can still mention it. This is not an extractor recall estimate.",Common rGO ambient sensing; NO and NH3 are distinct analytes and cannot be merged.,analyst_assistant_manual_single_rater,explicit label content or narrower family/qualified topic; quote context excluded; not strict SAME
13,D008,D064,graphene oxide precursor,Graphene oxide,3f2d39d3-d5c4-4089-92c3-86438ce93d35,113,127,e6eb7094-a669-4c36-96ed-8d1d085cbc5b,hydrothermal method using graphene oxide and nh4oh as precursors,graphene oxide,27279f3b-8961-4d21-8bb0-cc66d87455f7,85,99,,,"No manually selected label explicitly naming this topic on B; extraction/coverage, granularity or background-scope policy may contribute. Fact quotes can still mention it. This is not an extractor recall estimate.",Common rGO ambient sensing; NO and NH3 are distinct analytes and cannot be merged.,analyst_assistant_manual_single_rater,explicit label content or narrower family/qualified topic; quote context excluded; not strict SAME
13,D008,D064,sensitivity,higher sensitivity,3f2d39d3-d5c4-4089-92c3-86438ce93d35,971,989,7d10532f-379b-45dd-b791-4185c3690a88,increase the gas sensitivity,sensitivity,27279f3b-8961-4d21-8bb0-cc66d87455f7,240,251,,,"No manually selected label explicitly naming this topic on B; extraction/coverage, granularity or background-scope policy may contribute. Fact quotes can still mention it. This is not an extractor recall estimate.",Common rGO ambient sensing; NO and NH3 are distinct analytes and cannot be merged.,analyst_assistant_manual_single_rater,explicit label content or narrower family/qualified topic; quote context excluded; not strict SAME
14,D019,D084,graphene gas sensors,gas sensors,2e3a3440-5c24-4e15-a7ec-de5cf70afa5c,68,79,,,graphene gas sensors,c2038fc8-891e-497b-bc0f-ef5a41e8ea42,605,625,,,"No manually selected label explicitly naming this topic on both sides; extraction/coverage, granularity or background-scope policy may contribute. Fact quotes can still mention it. This is not an extractor recall estimate.",Same review topic; high conductivity and area are distinct properties.,analyst_assistant_manual_single_rater,explicit label content or narrower family/qualified topic; quote context excluded; not strict SAME
14,D019,D084,specific surface area,large specific surface areas,2e3a3440-5c24-4e15-a7ec-de5cf70afa5c,169,197,,,large specific surface area,c2038fc8-891e-497b-bc0f-ef5a41e8ea42,262,289,,,"No manually selected label explicitly naming this topic on both sides; extraction/coverage, granularity or background-scope policy may contribute. Fact quotes can still mention it. This is not an extractor recall estimate.",Same review topic; high conductivity and area are distinct properties.,analyst_assistant_manual_single_rater,explicit label content or narrower family/qualified topic; quote context excluded; not strict SAME
14,D019,D084,high conductivity,high conductivity,2e3a3440-5c24-4e15-a7ec-de5cf70afa5c,147,164,,,high conductivity,c2038fc8-891e-497b-bc0f-ef5a41e8ea42,291,308,,,"No manually selected label explicitly naming this topic on both sides; extraction/coverage, granularity or background-scope policy may contribute. Fact quotes can still mention it. This is not an extractor recall estimate.",Same review topic; high conductivity and area are distinct properties.,analyst_assistant_manual_single_rater,explicit label content or narrower family/qualified topic; quote context excluded; not strict SAME
14,D019,D084,synthesis/preparation,synthesis,2e3a3440-5c24-4e15-a7ec-de5cf70afa5c,262,271,,,preparation methods,c2038fc8-891e-497b-bc0f-ef5a41e8ea42,503,522,,,"No manually selected label explicitly naming this topic on both sides; extraction/coverage, granularity or background-scope policy may contribute. Fact quotes can still mention it. This is not an extractor recall estimate.",Same review topic; high conductivity and area are distinct properties.,analyst_assistant_manual_single_rater,explicit label content or narrower family/qualified topic; quote context excluded; not strict SAME
15,D056,D092,graphene gas adsorption,graphene surface,17f1f708-31e2-4e14-b4de-90b72bdc1e3e,361,377,,,graphene-molecule adsorption,8c72db49-9f37-4151-a3be-46a88d5af916,323,351,,,"No manually selected label explicitly naming this topic on both sides; extraction/coverage, granularity or background-scope policy may contribute. Fact quotes can still mention it. This is not an extractor recall estimate.",Pristine versus doped/defective graphene theoretical adsorption.,analyst_assistant_manual_single_rater,explicit label content or narrower family/qualified topic; quote context excluded; not strict SAME
15,D056,D092,first-principles calculations,first-principles calculations,17f1f708-31e2-4e14-b4de-90b72bdc1e3e,256,285,b137d233-2e73-4a94-a6f3-5e62a58da6ea,first-principles calculations,density functional computations,8c72db49-9f37-4151-a3be-46a88d5af916,187,218,,,"No manually selected label explicitly naming this topic on B; extraction/coverage, granularity or background-scope policy may contribute. Fact quotes can still mention it. This is not an extractor recall estimate.",Pristine versus doped/defective graphene theoretical adsorption.,analyst_assistant_manual_single_rater,explicit label content or narrower family/qualified topic; quote context excluded; not strict SAME
15,D056,D092,NH3/CO/NO2/NO analytes,"Motivated by the recent realization of graphene sensors to detect individual gas molecules, we investigate the adsorption of ${\mathrm{H}}_{2}\mathrm{O}$, $\mathrm{N}{\mathrm{H}}_{3}$, CO, $\mathrm{N}{\mathrm{O}}_{2}$, and NO on a graphene substrate using first-principles calculations.",17f1f708-31e2-4e14-b4de-90b72bdc1e3e,0,286,,,"CO, NO, NO(2) and NH(3)",8c72db49-9f37-4151-a3be-46a88d5af916,135,158,,,"No manually selected label explicitly naming this topic on both sides; extraction/coverage, granularity or background-scope policy may contribute. Fact quotes can still mention it. This is not an extractor recall estimate.",Pristine versus doped/defective graphene theoretical adsorption.,analyst_assistant_manual_single_rater,explicit label content or narrower family/qualified topic; quote context excluded; not strict SAME
15,D056,D092,adsorption energy,adsorption energies,17f1f708-31e2-4e14-b4de-90b72bdc1e3e,400,419,,,adsorption energy,8c72db49-9f37-4151-a3be-46a88d5af916,619,636,,,"No manually selected label explicitly naming this topic on both sides; extraction/coverage, granularity or background-scope policy may contribute. Fact quotes can still mention it. This is not an extractor recall estimate.",Pristine versus doped/defective graphene theoretical adsorption.,analyst_assistant_manual_single_rater,explicit label content or narrower family/qualified topic; quote context excluded; not strict SAME
15,D056,D092,electronic structure,density of states,17f1f708-31e2-4e14-b4de-90b72bdc1e3e,553,570,67e270d0-e92a-499a-a26c-1edae144e92f,density of states,electronic properties,8c72db49-9f37-4151-a3be-46a88d5af916,294,315,,,"No manually selected label explicitly naming this topic on B; extraction/coverage, granularity or background-scope policy may contribute. Fact quotes can still mention it. This is not an extractor recall estimate.",Pristine versus doped/defective graphene theoretical adsorption.,analyst_assistant_manual_single_rater,explicit label content or narrower family/qualified topic; quote context excluded; not strict SAME
16,D014,D099,graphene NH3 sensors,graphene sensors for ammonia (NH3),11127def-3116-4ee3-98d4-17368bbf509b,327,361,,,graphene/mica and graphene/SiO2 based ammonia gas sensors,22321f2b-ea9c-48f3-a875-4b14e60b3086,15,72,,,"No manually selected label explicitly naming this topic on both sides; extraction/coverage, granularity or background-scope policy may contribute. Fact quotes can still mention it. This is not an extractor recall estimate.",Review versus substrate-modulated graphene NH3 experiment.,analyst_assistant_manual_single_rater,explicit label content or narrower family/qualified topic; quote context excluded; not strict SAME
16,D014,D099,NH3 adsorption,ammonia (NH3),11127def-3116-4ee3-98d4-17368bbf509b,348,361,,,NH3 molecule adsorption,22321f2b-ea9c-48f3-a875-4b14e60b3086,374,397,,,"No manually selected label explicitly naming this topic on both sides; extraction/coverage, granularity or background-scope policy may contribute. Fact quotes can still mention it. This is not an extractor recall estimate.",Review versus substrate-modulated graphene NH3 experiment.,analyst_assistant_manual_single_rater,explicit label content or narrower family/qualified topic; quote context excluded; not strict SAME
16,D014,D099,sensitivity,high sensitivity,11127def-3116-4ee3-98d4-17368bbf509b,168,184,3da81739-c696-4ed5-ad68-d209448eb3e2,high sensitivity,high sensitivity,22321f2b-ea9c-48f3-a875-4b14e60b3086,410,426,,,"No manually selected label explicitly naming this topic on B; extraction/coverage, granularity or background-scope policy may contribute. Fact quotes can still mention it. This is not an extractor recall estimate.",Review versus substrate-modulated graphene NH3 experiment.,analyst_assistant_manual_single_rater,explicit label content or narrower family/qualified topic; quote context excluded; not strict SAME
17,D078,D092,doped graphene sensors,n-doped graphene,8e528f95-22fc-4b9a-8b16-90391b584bc3,194,210,085635fc-2e57-43a6-a9f1-d932298baef9,gate-free graphene gas sensors enabled by nondestructive molecular n-doping,B- or N-doped,8c72db49-9f37-4151-a3be-46a88d5af916,71,84,,,"No manually selected label explicitly naming this topic on B; extraction/coverage, granularity or background-scope policy may contribute. Fact quotes can still mention it. This is not an extractor recall estimate.",NH3 is negatively detected in D078; shared mention does not assert common response.,analyst_assistant_manual_single_rater,explicit label content or narrower family/qualified topic; quote context excluded; not strict SAME
17,D078,D092,NO2 adsorption,adsorption of NO 2,8e528f95-22fc-4b9a-8b16-90391b584bc3,803,821,22e575de-bfb2-46ef-aabb-efe823780c22,preferential adsorption of no 2 on n-doped graphene,NO(2),8c72db49-9f37-4151-a3be-46a88d5af916,143,148,,,"No manually selected label explicitly naming this topic on B; extraction/coverage, granularity or background-scope policy may contribute. Fact quotes can still mention it. This is not an extractor recall estimate.",NH3 is negatively detected in D078; shared mention does not assert common response.,analyst_assistant_manual_single_rater,explicit label content or narrower family/qualified topic; quote context excluded; not strict SAME
17,D078,D092,NH3 discussion,no response to NH 3,509195ce-f818-487d-8196-eb0511b0acaf,211,230,,,NH(3),8c72db49-9f37-4151-a3be-46a88d5af916,153,158,,,"No manually selected label explicitly naming this topic on both sides; extraction/coverage, granularity or background-scope policy may contribute. Fact quotes can still mention it. This is not an extractor recall estimate.",NH3 is negatively detected in D078; shared mention does not assert common response.,analyst_assistant_manual_single_rater,explicit label content or narrower family/qualified topic; quote context excluded; not strict SAME
17,D078,D092,first-principles modelling,first-principles calculation,8e528f95-22fc-4b9a-8b16-90391b584bc3,749,777,,,density functional computations,8c72db49-9f37-4151-a3be-46a88d5af916,187,218,,,"No manually selected label explicitly naming this topic on both sides; extraction/coverage, granularity or background-scope policy may contribute. Fact quotes can still mention it. This is not an extractor recall estimate.",NH3 is negatively detected in D078; shared mention does not assert common response.,analyst_assistant_manual_single_rater,explicit label content or narrower family/qualified topic; quote context excluded; not strict SAME
18,D078,D085,graphene/gas interaction platform,graphene gas sensors,8e528f95-22fc-4b9a-8b16-90391b584bc3,96,116,085635fc-2e57-43a6-a9f1-d932298baef9,gate-free graphene gas sensors enabled by nondestructive molecular n-doping,Graphene holds great promise in gas sensor applications,b521e874-57f4-4f70-865b-c340c09efe4d,0,55,9e9c9e76-03ec-47ad-9a94-683ccb5ac752,charge transfer between gases and graphene,"Present only as differing qualified/propositional/material-family facts; needs typed concept projection, not assumed strict alias.",Common NO2/doping mechanism; dopant and device structure differ.,analyst_assistant_manual_single_rater,explicit label content or narrower family/qualified topic; quote context excluded; not strict SAME
18,D078,D085,NO2 as discussed analyte,NO 2 detection,509195ce-f818-487d-8196-eb0511b0acaf,344,358,22e575de-bfb2-46ef-aabb-efe823780c22,preferential adsorption of no 2 on n-doped graphene,testing gas NO2,b521e874-57f4-4f70-865b-c340c09efe4d,809,824,f3919c40-ff74-4078-9b3b-5b9b391d328c,charge transfer between graphene and no2 (and its dimer n2o4),"Present only as differing qualified/propositional/material-family facts; needs typed concept projection, not assumed strict alias.",Common NO2/doping mechanism; dopant and device structure differ.,analyst_assistant_manual_single_rater,explicit label content or narrower family/qualified topic; quote context excluded; not strict SAME
18,D078,D085,doping,n-doped graphene,8e528f95-22fc-4b9a-8b16-90391b584bc3,194,210,085635fc-2e57-43a6-a9f1-d932298baef9,gate-free graphene gas sensors enabled by nondestructive molecular n-doping,graphene doping level,b521e874-57f4-4f70-865b-c340c09efe4d,576,597,,,"No manually selected label explicitly naming this topic on B; extraction/coverage, granularity or background-scope policy may contribute. Fact quotes can still mention it. This is not an extractor recall estimate.",Common NO2/doping mechanism; dopant and device structure differ.,analyst_assistant_manual_single_rater,explicit label content or narrower family/qualified topic; quote context excluded; not strict SAME
18,D078,D085,adsorption,adsorption,8e528f95-22fc-4b9a-8b16-90391b584bc3,803,813,22e575de-bfb2-46ef-aabb-efe823780c22,preferential adsorption of no 2 on n-doped graphene,adsorption,b521e874-57f4-4f70-865b-c340c09efe4d,322,332,b9ea1621-c632-4467-9c64-abc0bfba7729,reversible molecular physical adsorption/desorption mechanism,"Present only as differing qualified/propositional/material-family facts; needs typed concept projection, not assumed strict alias.",Common NO2/doping mechanism; dopant and device structure differ.,analyst_assistant_manual_single_rater,explicit label content or narrower family/qualified topic; quote context excluded; not strict SAME
18,D078,D085,electrical response,current decrease,8e528f95-22fc-4b9a-8b16-90391b584bc3,313,329,,,electrical responses,b521e874-57f4-4f70-865b-c340c09efe4d,908,928,,,"No manually selected label explicitly naming this topic on both sides; extraction/coverage, granularity or background-scope policy may contribute. Fact quotes can still mention it. This is not an extractor recall estimate.",Common NO2/doping mechanism; dopant and device structure differ.,analyst_assistant_manual_single_rater,explicit label content or narrower family/qualified topic; quote context excluded; not strict SAME
19,D008,D082,reduced graphene oxide,reduced graphene oxide,3f2d39d3-d5c4-4089-92c3-86438ce93d35,89,111,46461f95-a02a-4a6d-b2a0-5443cc08645d,nitrogen-doped to improving the gas-sensing properties of reduced graphene oxide,Reduced graphene oxide,8db8d650-11b9-4f9f-a333-4565fc673498,0,22,d64da8f3-4df2-4812-bdd8-80e4263254f4,3d sulfonated rgo hydrogel,"Present only as differing qualified/propositional/material-family facts; needs typed concept projection, not assumed strict alias.",Common modified rGO sensing; N-doping versus sulfonation and NO versus NO2/NH3 differ.,analyst_assistant_manual_single_rater,explicit label content or narrower family/qualified topic; quote context excluded; not strict SAME
19,D008,D082,chemical modification,nitrogen-doped,3f2d39d3-d5c4-4089-92c3-86438ce93d35,31,45,46461f95-a02a-4a6d-b2a0-5443cc08645d,nitrogen-doped to improving the gas-sensing properties of reduced graphene oxide,chemical modification,830fcf0d-f920-417f-a7f0-f3201c667e84,99,120,d64da8f3-4df2-4812-bdd8-80e4263254f4,3d sulfonated rgo hydrogel,"Present only as differing qualified/propositional/material-family facts; needs typed concept projection, not assumed strict alias.",Common modified rGO sensing; N-doping versus sulfonation and NO versus NO2/NH3 differ.,analyst_assistant_manual_single_rater,explicit label content or narrower family/qualified topic; quote context excluded; not strict SAME
19,D008,D082,gas sensitivity,gas sensitivity,3f2d39d3-d5c4-4089-92c3-86438ce93d35,487,502,7d10532f-379b-45dd-b791-4185c3690a88,increase the gas sensitivity,high sensitivity,8db8d650-11b9-4f9f-a333-4565fc673498,196,212,,,"No manually selected label explicitly naming this topic on B; extraction/coverage, granularity or background-scope policy may contribute. Fact quotes can still mention it. This is not an extractor recall estimate.",Common modified rGO sensing; N-doping versus sulfonation and NO versus NO2/NH3 differ.,analyst_assistant_manual_single_rater,explicit label content or narrower family/qualified topic; quote context excluded; not strict SAME
19,D008,D082,gas sensing,gas-sensing,3f2d39d3-d5c4-4089-92c3-86438ce93d35,63,74,46461f95-a02a-4a6d-b2a0-5443cc08645d,nitrogen-doped to improving the gas-sensing properties of reduced graphene oxide,gas sensing,8db8d650-11b9-4f9f-a333-4565fc673498,88,99,,,"No manually selected label explicitly naming this topic on B; extraction/coverage, granularity or background-scope policy may contribute. Fact quotes can still mention it. This is not an extractor recall estimate.",Common modified rGO sensing; N-doping versus sulfonation and NO versus NO2/NH3 differ.,analyst_assistant_manual_single_rater,explicit label content or narrower family/qualified topic; quote context excluded; not strict SAME
20,D014,D041,graphene gas sensors,graphene gas sensors,11127def-3116-4ee3-98d4-17368bbf509b,70,90,,,Graphene-based gas/vapor sensors,dc02a151-981a-4232-b9d1-78a72a0f23b0,0,32,,,"No manually selected label explicitly naming this topic on both sides; extraction/coverage, granularity or background-scope policy may contribute. Fact quotes can still mention it. This is not an extractor recall estimate.",Overlapping reviews; narrower NH3 review versus multi-gas review.,analyst_assistant_manual_single_rater,explicit label content or narrower family/qualified topic; quote context excluded; not strict SAME
20,D014,D041,NH3 analyte,NH3,11127def-3116-4ee3-98d4-17368bbf509b,357,360,,,NH 3,dc02a151-981a-4232-b9d1-78a72a0f23b0,385,389,,,"No manually selected label explicitly naming this topic on both sides; extraction/coverage, granularity or background-scope policy may contribute. Fact quotes can still mention it. This is not an extractor recall estimate.",Overlapping reviews; narrower NH3 review versus multi-gas review.,analyst_assistant_manual_single_rater,explicit label content or narrower family/qualified topic; quote context excluded; not strict SAME
20,D014,D041,room-temperature operation,room temperature,11127def-3116-4ee3-98d4-17368bbf509b,375,391,,,room-temperature working conditions,dc02a151-981a-4232-b9d1-78a72a0f23b0,144,179,,,"No manually selected label explicitly naming this topic on both sides; extraction/coverage, granularity or background-scope policy may contribute. Fact quotes can still mention it. This is not an extractor recall estimate.",Overlapping reviews; narrower NH3 review versus multi-gas review.,analyst_assistant_manual_single_rater,explicit label content or narrower family/qualified topic; quote context excluded; not strict SAME
20,D014,D041,sensing mechanisms,sensing mechanism,11127def-3116-4ee3-98d4-17368bbf509b,567,584,,,detection mechanisms,dc02a151-981a-4232-b9d1-78a72a0f23b0,475,495,,,"No manually selected label explicitly naming this topic on both sides; extraction/coverage, granularity or background-scope policy may contribute. Fact quotes can still mention it. This is not an extractor recall estimate.",Overlapping reviews; narrower NH3 review versus multi-gas review.,analyst_assistant_manual_single_rater,explicit label content or narrower family/qualified topic; quote context excluded; not strict SAME
21,D017,D039,2D gas sensors,2D layered inorganic materials for gas sensors,52c7bac2-feff-4316-934f-2726c4842540,543,589,,,2D materials-based gas sensor,45a2c76d-a2f1-4957-8c10-9e15a50f7bc9,275,304,,,"No manually selected label explicitly naming this topic on both sides; extraction/coverage, granularity or background-scope policy may contribute. Fact quotes can still mention it. This is not an extractor recall estimate.",Strong overlap of material families in two reviews.,analyst_assistant_manual_single_rater,explicit label content or narrower family/qualified topic; quote context excluded; not strict SAME
21,D017,D039,graphene oxide,graphene oxide (GO),52c7bac2-feff-4316-934f-2726c4842540,899,918,,,Graphene oxide,f69033d8-3861-45bc-a9a7-89d2b147c41c,467,481,,,"No manually selected label explicitly naming this topic on both sides; extraction/coverage, granularity or background-scope policy may contribute. Fact quotes can still mention it. This is not an extractor recall estimate.",Strong overlap of material families in two reviews.,analyst_assistant_manual_single_rater,explicit label content or narrower family/qualified topic; quote context excluded; not strict SAME
21,D017,D039,transition-metal chalcogenide family,transition metal dichalcogenides,52c7bac2-feff-4316-934f-2726c4842540,976,1008,,,MoS₂,f69033d8-3861-45bc-a9a7-89d2b147c41c,633,637,,,"No manually selected label explicitly naming this topic on both sides; extraction/coverage, granularity or background-scope policy may contribute. Fact quotes can still mention it. This is not an extractor recall estimate.",Strong overlap of material families in two reviews.,analyst_assistant_manual_single_rater,explicit label content or narrower family/qualified topic; quote context excluded; not strict SAME
21,D017,D039,phosphorene,phosphorene,52c7bac2-feff-4316-934f-2726c4842540,1063,1074,,,phosphorene,45a2c76d-a2f1-4957-8c10-9e15a50f7bc9,94,105,,,"No manually selected label explicitly naming this topic on both sides; extraction/coverage, granularity or background-scope policy may contribute. Fact quotes can still mention it. This is not an extractor recall estimate.",Strong overlap of material families in two reviews.,analyst_assistant_manual_single_rater,explicit label content or narrower family/qualified topic; quote context excluded; not strict SAME
22,D004,D037,graphene/SnO2 composite,graphene–SnO 2 nanocomposites,1314b88d-a703-48b5-bb03-e426d5474034,80,109,9e28ad0b-9596-4b59-9b0c-d5f988f74fcd,agglomerated structures of graphene and sno 2 particles,SnO2/graphene composite,62190702-83b3-4b9b-88a5-f6ef92f30f8d,460,483,108e7ae1-6513-44da-b27a-a79a33024eb0,rutile sno2 nanocrystals were exclusively deposited on graphene sheets with high density and high uniformity to form layered composite sheets,"Present only as differing qualified/propositional/material-family facts; needs typed concept projection, not assumed strict alias.",Common composite platform; NO2 versus propanal and electrical versus CTL detection differ.,analyst_assistant_manual_single_rater,explicit label content or narrower family/qualified topic; quote context excluded; not strict SAME
22,D004,D037,SnO2-containing particles,SnO 2 particles,1314b88d-a703-48b5-bb03-e426d5474034,256,271,9e28ad0b-9596-4b59-9b0c-d5f988f74fcd,agglomerated structures of graphene and sno 2 particles,SnO2 nanoparticles,62190702-83b3-4b9b-88a5-f6ef92f30f8d,31,49,108e7ae1-6513-44da-b27a-a79a33024eb0,rutile sno2 nanocrystals were exclusively deposited on graphene sheets with high density and high uniformity to form layered composite sheets,"Present only as differing qualified/propositional/material-family facts; needs typed concept projection, not assumed strict alias.",Common composite platform; NO2 versus propanal and electrical versus CTL detection differ.,analyst_assistant_manual_single_rater,explicit label content or narrower family/qualified topic; quote context excluded; not strict SAME
22,D004,D037,gas sensors,sensor response,1314b88d-a703-48b5-bb03-e426d5474034,699,714,,,gas sensor,62190702-83b3-4b9b-88a5-f6ef92f30f8d,922,932,d2a9eb18-2ed6-4d5f-996f-433ba995113a,the linear range of the propanal gas sensor was 1.34–266.67 μg ml−1 (r = 0.9987),"No manually selected label explicitly naming this topic on A; extraction/coverage, granularity or background-scope policy may contribute. Fact quotes can still mention it. This is not an extractor recall estimate.",Common composite platform; NO2 versus propanal and electrical versus CTL detection differ.,analyst_assistant_manual_single_rater,explicit label content or narrower family/qualified topic; quote context excluded; not strict SAME
23,D013,D068,graphene/metal oxide composites,graphene-based materials with metal oxide nanostructures,c0fd9d14-3ff1-4e78-9188-d3040f5ddaba,12,68,,,Metal oxide/graphene nanocomposites,0ec317d5-3c20-41e0-9f78-67fec485b6cc,0,35,92c86db7-5c66-4cac-9477-d48b491636e9,wo 3 nanorods/sulfonated reduced graphene oxide (s-rgo),"No manually selected label explicitly naming this topic on A; extraction/coverage, granularity or background-scope policy may contribute. Fact quotes can still mention it. This is not an extractor recall estimate.","Same broad composite strategy, but D013 abstract is one sentence and ZnO/WO3 differ.",analyst_assistant_manual_single_rater,explicit label content or narrower family/qualified topic; quote context excluded; not strict SAME
23,D013,D068,gas sensing,gas sensing properties,c0fd9d14-3ff1-4e78-9188-d3040f5ddaba,124,146,,,gas sensors,0ec317d5-3c20-41e0-9f78-67fec485b6cc,104,115,3f90e176-8e78-4310-a1ee-8d29b1a497a1,room-temperature gas sensor,"No manually selected label explicitly naming this topic on A; extraction/coverage, granularity or background-scope policy may contribute. Fact quotes can still mention it. This is not an extractor recall estimate.","Same broad composite strategy, but D013 abstract is one sentence and ZnO/WO3 differ.",analyst_assistant_manual_single_rater,explicit label content or narrower family/qualified topic; quote context excluded; not strict SAME
23,D013,D068,improved sensing performance,improved gas sensing properties,c0fd9d14-3ff1-4e78-9188-d3040f5ddaba,115,146,,,superior sensing performance,0ec317d5-3c20-41e0-9f78-67fec485b6cc,966,994,,,"No manually selected label explicitly naming this topic on both sides; extraction/coverage, granularity or background-scope policy may contribute. Fact quotes can still mention it. This is not an extractor recall estimate.","Same broad composite strategy, but D013 abstract is one sentence and ZnO/WO3 differ.",analyst_assistant_manual_single_rater,explicit label content or narrower family/qualified topic; quote context excluded; not strict SAME
24,D064,D082,reduced graphene oxide,reduced graphene oxide,27279f3b-8961-4d21-8bb0-cc66d87455f7,77,99,,,Reduced graphene oxide,8db8d650-11b9-4f9f-a333-4565fc673498,0,22,d64da8f3-4df2-4812-bdd8-80e4263254f4,3d sulfonated rgo hydrogel,"No manually selected label explicitly naming this topic on A; extraction/coverage, granularity or background-scope policy may contribute. Fact quotes can still mention it. This is not an extractor recall estimate.",Common rGO sensing concepts; pyrrole reduction versus sulfonation/3D hydrogel differs.,analyst_assistant_manual_single_rater,explicit label content or narrower family/qualified topic; quote context excluded; not strict SAME
24,D064,D082,NH3 sensing,NH3 gas,27279f3b-8961-4d21-8bb0-cc66d87455f7,41,48,,,NH3,8db8d650-11b9-4f9f-a333-4565fc673498,566,569,,,"No manually selected label explicitly naming this topic on both sides; extraction/coverage, granularity or background-scope policy may contribute. Fact quotes can still mention it. This is not an extractor recall estimate.",Common rGO sensing concepts; pyrrole reduction versus sulfonation/3D hydrogel differs.,analyst_assistant_manual_single_rater,explicit label content or narrower family/qualified topic; quote context excluded; not strict SAME
24,D064,D082,high sensitivity,sensitive,27279f3b-8961-4d21-8bb0-cc66d87455f7,14,23,,,high sensitivity,8db8d650-11b9-4f9f-a333-4565fc673498,196,212,,,"No manually selected label explicitly naming this topic on both sides; extraction/coverage, granularity or background-scope policy may contribute. Fact quotes can still mention it. This is not an extractor recall estimate.",Common rGO sensing concepts; pyrrole reduction versus sulfonation/3D hydrogel differs.,analyst_assistant_manual_single_rater,explicit label content or narrower family/qualified topic; quote context excluded; not strict SAME
24,D064,D082,selectivity,selectivity,27279f3b-8961-4d21-8bb0-cc66d87455f7,256,267,,,selectivity,8db8d650-11b9-4f9f-a333-4565fc673498,217,228,,,"No manually selected label explicitly naming this topic on both sides; extraction/coverage, granularity or background-scope policy may contribute. Fact quotes can still mention it. This is not an extractor recall estimate.",Common rGO sensing concepts; pyrrole reduction versus sulfonation/3D hydrogel differs.,analyst_assistant_manual_single_rater,explicit label content or narrower family/qualified topic; quote context excluded; not strict SAME
24,D064,D082,fast response,response time as fast,27279f3b-8961-4d21-8bb0-cc66d87455f7,383,404,,,fast response,8db8d650-11b9-4f9f-a333-4565fc673498,427,440,,,"No manually selected label explicitly naming this topic on both sides; extraction/coverage, granularity or background-scope policy may contribute. Fact quotes can still mention it. This is not an extractor recall estimate.",Common rGO sensing concepts; pyrrole reduction versus sulfonation/3D hydrogel differs.,analyst_assistant_manual_single_rater,explicit label content or narrower family/qualified topic; quote context excluded; not strict SAME
25,D014,D078,functionalized/doped graphene sensing,functionalized graphene gas sensors,11127def-3116-4ee3-98d4-17368bbf509b,55,90,,,n-doped graphene,8e528f95-22fc-4b9a-8b16-90391b584bc3,194,210,085635fc-2e57-43a6-a9f1-d932298baef9,gate-free graphene gas sensors enabled by nondestructive molecular n-doping,"No manually selected label explicitly naming this topic on A; extraction/coverage, granularity or background-scope policy may contribute. Fact quotes can still mention it. This is not an extractor recall estimate.",Broad graphene sensor overlap; D078 explicitly excludes NH3 response. Shared analyte topic is not shared positive sensing claim.,analyst_assistant_manual_single_rater,explicit label content or narrower family/qualified topic; quote context excluded; not strict SAME
25,D014,D078,NH3 discussion,ammonia (NH3) detection,11127def-3116-4ee3-98d4-17368bbf509b,348,371,,,no response to NH 3,509195ce-f818-487d-8196-eb0511b0acaf,211,230,,,"No manually selected label explicitly naming this topic on both sides; extraction/coverage, granularity or background-scope policy may contribute. Fact quotes can still mention it. This is not an extractor recall estimate.",Broad graphene sensor overlap; D078 explicitly excludes NH3 response. Shared analyte topic is not shared positive sensing claim.,analyst_assistant_manual_single_rater,explicit label content or narrower family/qualified topic; quote context excluded; not strict SAME
25,D014,D078,selectivity,great selectivity,11127def-3116-4ee3-98d4-17368bbf509b,186,203,59c5e79f-feed-4606-9efb-72d6a8f61a0d,great selectivity,selective detection,8e528f95-22fc-4b9a-8b16-90391b584bc3,14,33,,,"No manually selected label explicitly naming this topic on B; extraction/coverage, granularity or background-scope policy may contribute. Fact quotes can still mention it. This is not an extractor recall estimate.",Broad graphene sensor overlap; D078 explicitly excludes NH3 response. Shared analyte topic is not shared positive sensing claim.,analyst_assistant_manual_single_rater,explicit label content or narrower family/qualified topic; quote context excluded; not strict SAME
26,D067,D078,graphene gas sensors,graphene,b5b668aa-f2e0-4200-8bde-ef54cfc4f287,24,32,,,graphene gas sensors,8e528f95-22fc-4b9a-8b16-90391b584bc3,96,116,085635fc-2e57-43a6-a9f1-d932298baef9,gate-free graphene gas sensors enabled by nondestructive molecular n-doping,"No manually selected label explicitly naming this topic on A; extraction/coverage, granularity or background-scope policy may contribute. Fact quotes can still mention it. This is not an extractor recall estimate.",Common NO2 sensing with different graphene platform and radically different numerical limits.,analyst_assistant_manual_single_rater,explicit label content or narrower family/qualified topic; quote context excluded; not strict SAME
26,D067,D078,NO2 as discussed analyte,NO2,b5b668aa-f2e0-4200-8bde-ef54cfc4f287,415,418,0bc7baab-db9a-4bf8-8cb6-9f81a1e1cf7e,high sensitivity to no2,NO 2,8e528f95-22fc-4b9a-8b16-90391b584bc3,297,301,22e575de-bfb2-46ef-aabb-efe823780c22,preferential adsorption of no 2 on n-doped graphene,"Present only as differing qualified/propositional/material-family facts; needs typed concept projection, not assumed strict alias.",Common NO2 sensing with different graphene platform and radically different numerical limits.,analyst_assistant_manual_single_rater,explicit label content or narrower family/qualified topic; quote context excluded; not strict SAME
26,D067,D078,graphene doping,doping types,b5b668aa-f2e0-4200-8bde-ef54cfc4f287,641,653,,,n-doped graphene,8e528f95-22fc-4b9a-8b16-90391b584bc3,194,210,085635fc-2e57-43a6-a9f1-d932298baef9,gate-free graphene gas sensors enabled by nondestructive molecular n-doping,"No manually selected label explicitly naming this topic on A; extraction/coverage, granularity or background-scope policy may contribute. Fact quotes can still mention it. This is not an extractor recall estimate.",Common NO2 sensing with different graphene platform and radically different numerical limits.,analyst_assistant_manual_single_rater,explicit label content or narrower family/qualified topic; quote context excluded; not strict SAME
26,D067,D078,detection limit,detection limit,b5b668aa-f2e0-4200-8bde-ef54cfc4f287,460,475,d4096d3b-8d7a-45b9-a969-8237f0f8a33a,detection limit of 1 ppb,detection limit,8e528f95-22fc-4b9a-8b16-90391b584bc3,574,589,,,"No manually selected label explicitly naming this topic on B; extraction/coverage, granularity or background-scope policy may contribute. Fact quotes can still mention it. This is not an extractor recall estimate.",Common NO2 sensing with different graphene platform and radically different numerical limits.,analyst_assistant_manual_single_rater,explicit label content or narrower family/qualified topic; quote context excluded; not strict SAME
27,D060,D099,graphene NH3 sensing,graphene sensors,006deffa-1906-4677-942b-2a29bd47046b,70,86,,,ammonia gas sensors,22321f2b-ea9c-48f3-a875-4b14e60b3086,53,72,,,"No manually selected label explicitly naming this topic on both sides; extraction/coverage, granularity or background-scope policy may contribute. Fact quotes can still mention it. This is not an extractor recall estimate.",Strong shared NH3/graphene/electronic doping concepts; NO2 dopant versus mica substrate modulation differs.,analyst_assistant_manual_single_rater,explicit label content or narrower family/qualified topic; quote context excluded; not strict SAME
27,D060,D099,NH3 adsorption,adsorption of NH3 molecules,006deffa-1906-4677-942b-2a29bd47046b,301,328,,,NH3 molecule adsorption,22321f2b-ea9c-48f3-a875-4b14e60b3086,374,397,,,"No manually selected label explicitly naming this topic on both sides; extraction/coverage, granularity or background-scope policy may contribute. Fact quotes can still mention it. This is not an extractor recall estimate.",Strong shared NH3/graphene/electronic doping concepts; NO2 dopant versus mica substrate modulation differs.,analyst_assistant_manual_single_rater,explicit label content or narrower family/qualified topic; quote context excluded; not strict SAME
27,D060,D099,doping/hole concentration,hole concentration,006deffa-1906-4677-942b-2a29bd47046b,659,677,,,p-doping,22321f2b-ea9c-48f3-a875-4b14e60b3086,339,347,b32caf4e-1307-4ad9-b0df-c71646261437,p-doping,"No manually selected label explicitly naming this topic on A; extraction/coverage, granularity or background-scope policy may contribute. Fact quotes can still mention it. This is not an extractor recall estimate.",Strong shared NH3/graphene/electronic doping concepts; NO2 dopant versus mica substrate modulation differs.,analyst_assistant_manual_single_rater,explicit label content or narrower family/qualified topic; quote context excluded; not strict SAME
27,D060,D099,electrical resistance response,electrical resistance,006deffa-1906-4677-942b-2a29bd47046b,276,297,,,graphene resistance,22321f2b-ea9c-48f3-a875-4b14e60b3086,218,237,b183175f-de38-4c8a-baab-c833069af804,increase in graphene resistance,"No manually selected label explicitly naming this topic on A; extraction/coverage, granularity or background-scope policy may contribute. Fact quotes can still mention it. This is not an extractor recall estimate.",Strong shared NH3/graphene/electronic doping concepts; NO2 dopant versus mica substrate modulation differs.,analyst_assistant_manual_single_rater,explicit label content or narrower family/qualified topic; quote context excluded; not strict SAME
28,D006,D068,reduced graphene oxide material family,reduced graphene oxide,362460ac-f25d-4cfd-9621-e7a528b4aab7,41,63,47b392f4-06f1-43fe-8033-84f405de2487,reduced graphene oxide nanofiber mat,reduced graphene oxide,0ec317d5-3c20-41e0-9f78-67fec485b6cc,379,401,92c86db7-5c66-4cac-9477-d48b491636e9,wo 3 nanorods/sulfonated reduced graphene oxide (s-rgo),"Present only as differing qualified/propositional/material-family facts; needs typed concept projection, not assumed strict alias.",Common rGO/NO2 sensing; electrospun scaffold versus WO3/S-rGO differs.,analyst_assistant_manual_single_rater,explicit label content or narrower family/qualified topic; quote context excluded; not strict SAME
28,D006,D068,NO2 sensitivity,excellent sensitivity to NO2,362460ac-f25d-4cfd-9621-e7a528b4aab7,291,319,f1cce13c-da0b-47d8-9e0d-cacb199c8136,excellent sensitivity to no2 gas,NO 2 adsorption ability,0ec317d5-3c20-41e0-9f78-67fec485b6cc,937,960,fda3b685-06f0-4409-b129-b64ac96e9bdf,highly sensitive and rapidly responding room-temperature no 2 gas sensor,"Present only as differing qualified/propositional/material-family facts; needs typed concept projection, not assumed strict alias.",Common rGO/NO2 sensing; electrospun scaffold versus WO3/S-rGO differs.,analyst_assistant_manual_single_rater,explicit label content or narrower family/qualified topic; quote context excluded; not strict SAME
28,D006,D068,gas sensors,gas sensor,362460ac-f25d-4cfd-9621-e7a528b4aab7,19,29,073d477f-b3a6-4a81-ac18-206622d8b195,ultra-sensitive gas sensor,gas sensor,0ec317d5-3c20-41e0-9f78-67fec485b6cc,104,114,3f90e176-8e78-4310-a1ee-8d29b1a497a1,room-temperature gas sensor,"Present only as differing qualified/propositional/material-family facts; needs typed concept projection, not assumed strict alias.",Common rGO/NO2 sensing; electrospun scaffold versus WO3/S-rGO differs.,analyst_assistant_manual_single_rater,explicit label content or narrower family/qualified topic; quote context excluded; not strict SAME
29,D011,D100,all-graphene gas sensor,all graphene gas sensors,658c581f-b972-4500-83fb-0c881a212867,251,275,,,all-graphene device,3a6f2f22-3142-4711-9a49-91c8067ddead,595,614,,,"No manually selected label explicitly naming this topic on both sides; extraction/coverage, granularity or background-scope policy may contribute. Fact quotes can still mention it. This is not an extractor recall estimate.",Strong shared device/property concepts; self-activation without heating versus integrated heater differs.,analyst_assistant_manual_single_rater,explicit label content or narrower family/qualified topic; quote context excluded; not strict SAME
29,D011,D100,transparency,transparency,658c581f-b972-4500-83fb-0c881a212867,181,193,781725b6-e974-4829-a98f-c9ac1e012c41,transparency,transparent,3a6f2f22-3142-4711-9a49-91c8067ddead,146,157,95f79d14-8ce5-4f9b-87b8-693eb8855aee,overall device optical transmittance that exceeds 90%,"Present only as differing qualified/propositional/material-family facts; needs typed concept projection, not assumed strict alias.",Strong shared device/property concepts; self-activation without heating versus integrated heater differs.,analyst_assistant_manual_single_rater,explicit label content or narrower family/qualified topic; quote context excluded; not strict SAME
29,D011,D100,flexibility,flexibility,658c581f-b972-4500-83fb-0c881a212867,199,210,aec001ec-5efe-447d-9b08-e98b5cd40ef5,flexibility,flexible,3a6f2f22-3142-4711-9a49-91c8067ddead,162,170,,,"No manually selected label explicitly naming this topic on B; extraction/coverage, granularity or background-scope policy may contribute. Fact quotes can still mention it. This is not an extractor recall estimate.",Strong shared device/property concepts; self-activation without heating versus integrated heater differs.,analyst_assistant_manual_single_rater,explicit label content or narrower family/qualified topic; quote context excluded; not strict SAME
29,D011,D100,bending tolerance,bending strain,658c581f-b972-4500-83fb-0c881a212867,588,602,6454966b-8e8e-403c-b674-2de66130b236,bending strain,bending strain,3a6f2f22-3142-4711-9a49-91c8067ddead,730,744,9b0de247-7bbc-4350-9346-b1995bd07f42,reliable sensing performance with a bending strain of less than 1.4%,"Present only as differing qualified/propositional/material-family facts; needs typed concept projection, not assumed strict alias.",Strong shared device/property concepts; self-activation without heating versus integrated heater differs.,analyst_assistant_manual_single_rater,explicit label content or narrower family/qualified topic; quote context excluded; not strict SAME
29,D011,D100,NO2 sensing,responses to NO2,658c581f-b972-4500-83fb-0c881a212867,474,490,768db982-67f0-41ae-9611-a19cd7a247ce,"highly sensitive, selective, and reversible responses to no2 without external heating",exposure to NO2 gas,3a6f2f22-3142-4711-9a49-91c8067ddead,1119,1138,,,"No manually selected label explicitly naming this topic on B; extraction/coverage, granularity or background-scope policy may contribute. Fact quotes can still mention it. This is not an extractor recall estimate.",Strong shared device/property concepts; self-activation without heating versus integrated heater differs.,analyst_assistant_manual_single_rater,explicit label content or narrower family/qualified topic; quote context excluded; not strict SAME
30,D078,D099,graphene sensors,graphene gas sensors,8e528f95-22fc-4b9a-8b16-90391b584bc3,96,116,085635fc-2e57-43a6-a9f1-d932298baef9,gate-free graphene gas sensors enabled by nondestructive molecular n-doping,ammonia gas sensors,22321f2b-ea9c-48f3-a875-4b14e60b3086,53,72,,,"No manually selected label explicitly naming this topic on B; extraction/coverage, granularity or background-scope policy may contribute. Fact quotes can still mention it. This is not an extractor recall estimate.",Common graphene/doping/adsorption topics with opposite NH3 behavior and different doping polarity.,analyst_assistant_manual_single_rater,explicit label content or narrower family/qualified topic; quote context excluded; not strict SAME
30,D078,D099,NH3 interaction,no response to NH 3,509195ce-f818-487d-8196-eb0511b0acaf,211,230,,,NH3 molecule adsorption,22321f2b-ea9c-48f3-a875-4b14e60b3086,374,397,,,"No manually selected label explicitly naming this topic on both sides; extraction/coverage, granularity or background-scope policy may contribute. Fact quotes can still mention it. This is not an extractor recall estimate.",Common graphene/doping/adsorption topics with opposite NH3 behavior and different doping polarity.,analyst_assistant_manual_single_rater,explicit label content or narrower family/qualified topic; quote context excluded; not strict SAME
30,D078,D099,electronic doping (polarity retained),n-doped graphene,8e528f95-22fc-4b9a-8b16-90391b584bc3,194,210,085635fc-2e57-43a6-a9f1-d932298baef9,gate-free graphene gas sensors enabled by nondestructive molecular n-doping,p-doping,22321f2b-ea9c-48f3-a875-4b14e60b3086,339,347,b32caf4e-1307-4ad9-b0df-c71646261437,p-doping,"Present only as differing qualified/propositional/material-family facts; needs typed concept projection, not assumed strict alias.",Common graphene/doping/adsorption topics with opposite NH3 behavior and different doping polarity.,analyst_assistant_manual_single_rater,explicit label content or narrower family/qualified topic; quote context excluded; not strict SAME
30,D078,D099,gas adsorption,adsorption,8e528f95-22fc-4b9a-8b16-90391b584bc3,803,813,22e575de-bfb2-46ef-aabb-efe823780c22,preferential adsorption of no 2 on n-doped graphene,adsorbed NH3 molecules,22321f2b-ea9c-48f3-a875-4b14e60b3086,104,126,,,"No manually selected label explicitly naming this topic on B; extraction/coverage, granularity or background-scope policy may contribute. Fact quotes can still mention it. This is not an extractor recall estimate.",Common graphene/doping/adsorption topics with opposite NH3 behavior and different doping polarity.,analyst_assistant_manual_single_rater,explicit label content or narrower family/qualified topic; quote context excluded; not strict SAME
