pair_rank,document_a,document_b,document_id_a,document_id_b,title_a,title_b,similarity,human_visible_shared_concepts,shared_concept_count,existing_shared_TechnicalFeatures,existing_shared_feature_count,all_feature_labels_a,all_feature_labels_b,missed_shared_concepts,coverage_gap_concepts,different_qualified_representation_concepts,same_technology_area,assessment,reason_if_missed,annotation_method
1,D060,D078,96575fc6-1212-4cb1-889f-179dd9515854,c56c60ec-74f3-44d5-83e6-f83d87b921f5,Enhanced sensitivity of graphene ammonia gas sensors using molecular doping,Ultrasensitive N-Channel Graphene Gas Sensors by Nondestructive Molecular Doping,0.8854469609014056,graphene gas sensing; molecular doping; NO2 adsorption/doping; NH3 as discussed analyte,4,,0,∼1400 ppb; ∼200 parts per billion (ppb); about an order of magnitude,gate-free graphene gas sensors enabled by nondestructive molecular n-doping; preferential adsorption of no 2 on n-doped graphene; gas molecules on the n-channel graphene provide charged impurities,graphene gas sensing; molecular doping; NO2 adsorption/doping; NH3 as discussed analyte,graphene gas sensing; molecular doping; NO2 adsorption/doping; NH3 as discussed analyte,,yes_related_with_scope_differences,"Same molecular-doping sensor area; D060 improves NH3 detection, D078 reports no NH3 response. Do not merge these claims.",missing concept in at least one extraction,analyst_assistant_manual_single_rater
2,D035,D092,5f698fb2-5265-4343-a012-0c0fb3c6e9c4,ea87c55e-72ef-439c-aa6b-7285edc49095,B–N@Graphene: Highly Sensitive and Selective Gas Sensor,Improving gas sensing properties of graphene by introducing dopants and defects: a first-principles study,0.8814598020780382,DFT investigation; boron/nitrogen doped graphene; gas adsorption energy; NO/NO2 analytes; electronic properties,5,,0,b–n codoping on graphene,,DFT investigation; boron/nitrogen doped graphene; gas adsorption energy; NO/NO2 analytes; electronic properties,DFT investigation; boron/nitrogen doped graphene; gas adsorption energy; NO/NO2 analytes; electronic properties,,yes_related_with_scope_differences,Same theoretical doped-graphene gas-sensing area; co-doping and defects differ.,missing concept in at least one extraction,analyst_assistant_manual_single_rater
3,D057,D067,92b288c5-a152-43a5-9faa-6d235ae9afb7,acd6003a-13ec-4bce-87f5-cec1c79eabb3,High sensitive quasi freestanding epitaxial graphene gas sensor on 6H-SiC,Epitaxial graphene gas sensors on SiC substrate with high sensitivity,0.8552774883633889,epitaxial graphene; quasi-free-standing graphene; SiC substrate; NO2 sensitivity; ppb detection,5,,0,fermi-energy close to the dirac point; 6 fold increase in no2 sensitivity compared to epitaxial graphene; sensitivity better than the experimentally limited 1 ppb,high sensitivity to no2; detection limit of 1 ppb; response of 105.1%,epitaxial graphene; quasi-free-standing graphene; SiC substrate; NO2 sensitivity; ppb detection,epitaxial graphene; quasi-free-standing graphene; SiC substrate,NO2 sensitivity; ppb detection,yes_related_with_scope_differences,Highly specific common platform; relative sensitivity rankings differ and must stay separate.,missing concept in at least one extraction; qualified/propositional representation,analyst_assistant_manual_single_rater
4,D035,D045,5f698fb2-5265-4343-a012-0c0fb3c6e9c4,7b462286-ce94-41ea-b031-543d6aaef0f2,B–N@Graphene: Highly Sensitive and Selective Gas Sensor,"Gas adsorption on graphene doped with B, N, Al, and S: A theoretical study",0.8546518585349556,density functional theory; B/N doped graphene; NO/NO2 adsorption; adsorption,4,,0,b–n codoping on graphene,"al-doped graphene is much more reactive and binds many more gases, including o2; b- and n-doped graphene retain a planar form; only no2 binds to s-doped graphene; al and s atoms protrude out of the graphene layer; only no and no2 bind to b-doped graphene",density functional theory; B/N doped graphene; NO/NO2 adsorption; adsorption,density functional theory; NO/NO2 adsorption; adsorption,B/N doped graphene,yes_related_with_scope_differences,Same computational adsorption area; dopant sets and conclusions differ.,missing concept in at least one extraction; qualified/propositional representation,analyst_assistant_manual_single_rater
5,D085,D092,dbf895b0-e07a-40a0-9dde-d2858ff63320,ea87c55e-72ef-439c-aa6b-7285edc49095,Understanding and optimization of graphene gas sensors,Improving gas sensing properties of graphene by introducing dopants and defects: a first-principles study,0.8436862411116655,graphene gas sensors; graphene doping; NO2 adsorption; electrical/electronic response,4,,0,charge transfer between gases and graphene; reversible molecular physical adsorption/desorption mechanism; charge transfer between graphene and no2 (and its dimer n2o4),,graphene gas sensors; graphene doping; NO2 adsorption; electrical/electronic response,graphene gas sensors; graphene doping; NO2 adsorption; electrical/electronic response,,yes_related_with_scope_differences,Experimental versus theoretical work in same doping/adsorption area.,missing concept in at least one extraction,analyst_assistant_manual_single_rater
6,D060,D092,96575fc6-1212-4cb1-889f-179dd9515854,ea87c55e-72ef-439c-aa6b-7285edc49095,Enhanced sensitivity of graphene ammonia gas sensors using molecular doping,Improving gas sensing properties of graphene by introducing dopants and defects: a first-principles study,0.841739050959236,graphene gas sensors; graphene doping; NH3 discussion; NO2 discussion; adsorption,5,,0,∼1400 ppb; ∼200 parts per billion (ppb); about an order of magnitude,,graphene gas sensors; graphene doping; NH3 discussion; NO2 discussion; adsorption,graphene gas sensors; graphene doping; NH3 discussion; NO2 discussion; adsorption,,yes_related_with_scope_differences,Same area; D060 molecular doping versus substitutional/defect models in D092.,missing concept in at least one extraction,analyst_assistant_manual_single_rater
7,D046,D068,7c4e84e8-09c5-4150-849e-7a21493a18db,b102c67e-e167-49c6-a3cf-5c14d31d8fc1,Graphene-enhanced metal oxide gas sensors at room temperature: a review,Highly sensitive and rapidly responding room-temperature NO2 gas sensors based on WO3 nanorods/sulfonated graphene nanocomposites,0.8415465642029138,metal oxide/graphene composites; room-temperature sensing; NO2 sensing; response/recovery kinetics; selectivity,5,,0,long recovery time; low sensitivity,selectivity; room-temperature gas sensor; favorable charge transfer occurring at the s-rgo/wo 3 interfaces; extremely fast recovery kinetics; wo 3 nanorods/sulfonated reduced graphene oxide (s-rgo); simple and cost-effective hydrothermal method; optimal sensor response of the wo 3 /s-rgo sensor toward 20 ppm no 2 is 149% in 6 s; excellent reproducibility; highly sensitive and rapidly responding room-temperature no 2 gas sensor,metal oxide/graphene composites; room-temperature sensing; NO2 sensing; response/recovery kinetics; selectivity,metal oxide/graphene composites; room-temperature sensing; NO2 sensing; selectivity,response/recovery kinetics,yes_related_with_scope_differences,Review and concrete WO3/S-rGO device share platform and design challenges.,missing concept in at least one extraction; qualified/propositional representation,analyst_assistant_manual_single_rater
8,D045,D092,7b462286-ce94-41ea-b031-543d6aaef0f2,ea87c55e-72ef-439c-aa6b-7285edc49095,"Gas adsorption on graphene doped with B, N, Al, and S: A theoretical study",Improving gas sensing properties of graphene by introducing dopants and defects: a first-principles study,0.8387549009564984,density functional calculations; B/N doped graphene; gas adsorption; NO2 analyte,4,,0,"al-doped graphene is much more reactive and binds many more gases, including o2; b- and n-doped graphene retain a planar form; only no2 binds to s-doped graphene; al and s atoms protrude out of the graphene layer; only no and no2 bind to b-doped graphene",,density functional calculations; B/N doped graphene; gas adsorption; NO2 analyte,density functional calculations; B/N doped graphene; gas adsorption; NO2 analyte,,yes_related_with_scope_differences,Same theoretical sensing area.,missing concept in at least one extraction,analyst_assistant_manual_single_rater
9,D036,D086,60564d96-782a-4b13-a6ba-e3cd057dbdba,dfbf11ae-d233-47e1-bfbf-505e8c2d0594,Graphene-Based Chemical Sensors,Toward Ubiquitous Environmental Gas Sensors—Capitalizing on the Promise of Graphene,0.8352342154774847,graphene; atomically thin carbon; gas sensors; carbon nanotubes,4,,0,sp(2) hybridized carbon atoms; graphite; single-walled carbon nanotubes; ultrasensitive chemical or gas sensor; mutliwalled carbon nanotubes; hexagonal honeycomb crystalline structure,graphene's unique electronic structures and properties,graphene; atomically thin carbon; gas sensors; carbon nanotubes,graphene; atomically thin carbon; gas sensors; carbon nanotubes,,yes_related_with_scope_differences,"Same graphene sensor review topic; nanotubes are discussed as related material, not graphene alias.",missing concept in at least one extraction,analyst_assistant_manual_single_rater
10,D060,D085,96575fc6-1212-4cb1-889f-179dd9515854,dbf895b0-e07a-40a0-9dde-d2858ff63320,Enhanced sensitivity of graphene ammonia gas sensors using molecular doping,Understanding and optimization of graphene gas sensors,0.8315527599779149,graphene gas sensing; NO2 doping/adsorption; electrical response; graphene doping,4,,0,∼1400 ppb; ∼200 parts per billion (ppb); about an order of magnitude,charge transfer between gases and graphene; reversible molecular physical adsorption/desorption mechanism; charge transfer between graphene and no2 (and its dimer n2o4),graphene gas sensing; NO2 doping/adsorption; electrical response; graphene doping,graphene gas sensing; NO2 doping/adsorption; electrical response; graphene doping,,yes_related_with_scope_differences,Strong shared mechanism; target sensing task NH3 versus NO2 differs.,missing concept in at least one extraction,analyst_assistant_manual_single_rater
11,D039,D043,6f1fea7f-0d19-4f8a-99cc-842e0fa30c78,7ab3543e-3bdf-4320-880f-3590b26aa4b6,"2D Materials for Gas Sensing Applications: A Review on Graphene Oxide, MoS2, WS2 and Phosphorene","Semiconductor Gas Sensors: Materials, Technology, Design, and Application",0.8304971773717937,2D gas-sensing materials; graphene material family; transition metal chalcogenides; gas sensors,4,,0,bandgap; semiconductive nature; intrinsic high surface to volume ratio,2d materials; metal oxide nanosheets; transition metal carbides/nitrides; conducting polymers; graphene; carbon nanotubes; metal oxides; metal organic frameworks; boron nitride; transition metal chalcogenides,2D gas-sensing materials; graphene material family; transition metal chalcogenides; gas sensors,2D gas-sensing materials; graphene material family; transition metal chalcogenides; gas sensors,,yes_related_with_scope_differences,Two broad reviews with overlapping material families; not equivalence of all members.,missing concept in at least one extraction,analyst_assistant_manual_single_rater
12,D040,D064,704d0fb4-dc04-4a88-ab73-ab9204758f98,a5c41f35-df49-4f31-95dd-394405e4c276,Ammonia gas sensors based on chemically reduced graphene oxide sheets self-assembled on Au electrodes,Ultrafast and sensitive room temperature NH3 gas sensors based on chemically reduced graphene oxide,0.8273072363084427,reduced graphene oxide; NH3 sensing; pyrrole reduction; repeatability; low-cost/scalable fabrication,5,,0,>10 μm,,reduced graphene oxide; NH3 sensing; pyrrole reduction; repeatability; low-cost/scalable fabrication,reduced graphene oxide; NH3 sensing; pyrrole reduction; repeatability; low-cost/scalable fabrication,,yes_related_with_scope_differences,Specific common rGO/pyrrole/NH3 platform; electrode architecture and metrics differ.,missing concept in at least one extraction,analyst_assistant_manual_single_rater
13,D008,D064,10c07eba-9d0f-42a9-aeb3-911ec8ccc747,a5c41f35-df49-4f31-95dd-394405e4c276,N-doped reduced graphene oxide for room-temperature NO gas sensors,Ultrafast and sensitive room temperature NH3 gas sensors based on chemically reduced graphene oxide,0.8255969756583318,reduced graphene oxide; room-temperature gas sensing; graphene oxide precursor; sensitivity,4,,0,nitrogen-doped to improving the gas-sensing properties of reduced graphene oxide; responsive to low concentrations of no gases (< 1000 ppb) at room temperature; increase the gas sensitivity; hydrothermal method using graphene oxide and nh4oh as precursors; folded morphology,,reduced graphene oxide; room-temperature gas sensing; graphene oxide precursor; sensitivity,reduced graphene oxide; room-temperature gas sensing; graphene oxide precursor; sensitivity,,yes_related_with_scope_differences,Common rGO ambient sensing; NO and NH3 are distinct analytes and cannot be merged.,missing concept in at least one extraction,analyst_assistant_manual_single_rater
14,D019,D084,2dab9e82-5d29-40da-b093-b12b1fbde4da,d9353f7c-7923-4367-bf9f-78451104b2f5,Graphene-based gas sensors,Research Progress of Gas Sensor Based on Graphene and Its Derivatives: A Review,0.8248432677053097,graphene gas sensors; specific surface area; high conductivity; synthesis/preparation,4,,0,,,graphene gas sensors; specific surface area; high conductivity; synthesis/preparation,graphene gas sensors; specific surface area; high conductivity; synthesis/preparation,,yes_related_with_scope_differences,Same review topic; high conductivity and area are distinct properties.,missing concept in at least one extraction,analyst_assistant_manual_single_rater
15,D056,D092,8f9fc5ae-0c9f-466e-96e6-7a1af0a80a87,ea87c55e-72ef-439c-aa6b-7285edc49095,"Adsorption of H 2 O , N H 3 , CO, N O 2 , and NO on graphene: A first-principles study",Improving gas sensing properties of graphene by introducing dopants and defects: a first-principles study,0.8178443574996126,graphene gas adsorption; first-principles calculations; NH3/CO/NO2/NO analytes; adsorption energy; electronic structure,5,,0,density of states; first-principles calculations,,graphene gas adsorption; first-principles calculations; NH3/CO/NO2/NO analytes; adsorption energy; electronic structure,graphene gas adsorption; first-principles calculations; NH3/CO/NO2/NO analytes; adsorption energy; electronic structure,,yes_related_with_scope_differences,Pristine versus doped/defective graphene theoretical adsorption.,missing concept in at least one extraction,analyst_assistant_manual_single_rater
16,D014,D099,24b7cbea-bb3a-47fe-af0d-1447f563f093,f7baaf79-a130-4329-9f84-6d80e77835a2,A Review on Functionalized Graphene Sensors for Detection of Ammonia,Graphene/mica based ammonia gas sensors,0.8157146059592747,graphene NH3 sensors; NH3 adsorption; sensitivity,3,,0,fast detection; high sensitivity; great selectivity,increase in graphene resistance; p-doping; up-shifting of the fermi level,graphene NH3 sensors; NH3 adsorption; sensitivity,graphene NH3 sensors; NH3 adsorption; sensitivity,,yes_related_with_scope_differences,Review versus substrate-modulated graphene NH3 experiment.,missing concept in at least one extraction,analyst_assistant_manual_single_rater
17,D078,D092,c56c60ec-74f3-44d5-83e6-f83d87b921f5,ea87c55e-72ef-439c-aa6b-7285edc49095,Ultrasensitive N-Channel Graphene Gas Sensors by Nondestructive Molecular Doping,Improving gas sensing properties of graphene by introducing dopants and defects: a first-principles study,0.8134962560689663,doped graphene sensors; NO2 adsorption; NH3 discussion; first-principles modelling,4,,0,gate-free graphene gas sensors enabled by nondestructive molecular n-doping; preferential adsorption of no 2 on n-doped graphene; gas molecules on the n-channel graphene provide charged impurities,,doped graphene sensors; NO2 adsorption; NH3 discussion; first-principles modelling,doped graphene sensors; NO2 adsorption; NH3 discussion; first-principles modelling,,yes_related_with_scope_differences,NH3 is negatively detected in D078; shared mention does not assert common response.,missing concept in at least one extraction,analyst_assistant_manual_single_rater
18,D078,D085,c56c60ec-74f3-44d5-83e6-f83d87b921f5,dbf895b0-e07a-40a0-9dde-d2858ff63320,Ultrasensitive N-Channel Graphene Gas Sensors by Nondestructive Molecular Doping,Understanding and optimization of graphene gas sensors,0.8126505264438997,graphene/gas interaction platform; NO2 as discussed analyte; doping; adsorption; electrical response,5,,0,gate-free graphene gas sensors enabled by nondestructive molecular n-doping; preferential adsorption of no 2 on n-doped graphene; gas molecules on the n-channel graphene provide charged impurities,charge transfer between gases and graphene; reversible molecular physical adsorption/desorption mechanism; charge transfer between graphene and no2 (and its dimer n2o4),graphene/gas interaction platform; NO2 as discussed analyte; doping; adsorption; electrical response,doping; electrical response,graphene/gas interaction platform; NO2 as discussed analyte; adsorption,yes_related_with_scope_differences,Common NO2/doping mechanism; dopant and device structure differ.,missing concept in at least one extraction; qualified/propositional representation,analyst_assistant_manual_single_rater
19,D008,D082,10c07eba-9d0f-42a9-aeb3-911ec8ccc747,d145c9ac-f2af-4f95-a048-4bc61c873bd7,N-doped reduced graphene oxide for room-temperature NO gas sensors,"A 3D Chemically Modified Graphene Hydrogel for Fast, Highly Sensitive, and Selective Gas Sensor",0.8119655452529634,reduced graphene oxide; chemical modification; gas sensitivity; gas sensing,4,,0,nitrogen-doped to improving the gas-sensing properties of reduced graphene oxide; responsive to low concentrations of no gases (< 1000 ppb) at room temperature; increase the gas sensitivity; hydrothermal method using graphene oxide and nh4oh as precursors; folded morphology,imbedded microheater; 3d sulfonated rgo hydrogel; chemiresistor‐type sensor,reduced graphene oxide; chemical modification; gas sensitivity; gas sensing,gas sensitivity; gas sensing,reduced graphene oxide; chemical modification,yes_related_with_scope_differences,Common modified rGO sensing; N-doping versus sulfonation and NO versus NO2/NH3 differ.,missing concept in at least one extraction; qualified/propositional representation,analyst_assistant_manual_single_rater
20,D014,D041,24b7cbea-bb3a-47fe-af0d-1447f563f093,70b57363-3591-4f4b-a1a9-d0f8987b6b80,A Review on Functionalized Graphene Sensors for Detection of Ammonia,A Review on Graphene-Based Gas/Vapor Sensors with Unique Properties and Potential Applications,0.809922032982116,graphene gas sensors; NH3 analyte; room-temperature operation; sensing mechanisms,4,,0,fast detection; high sensitivity; great selectivity,,graphene gas sensors; NH3 analyte; room-temperature operation; sensing mechanisms,graphene gas sensors; NH3 analyte; room-temperature operation; sensing mechanisms,,yes_related_with_scope_differences,Overlapping reviews; narrower NH3 review versus multi-gas review.,missing concept in at least one extraction,analyst_assistant_manual_single_rater
21,D017,D039,2860ed7f-a2a8-4e76-9250-e3558d092f23,6f1fea7f-0d19-4f8a-99cc-842e0fa30c78,Gas sensing in 2D materials,"2D Materials for Gas Sensing Applications: A Review on Graphene Oxide, MoS2, WS2 and Phosphorene",0.8083108205485832,2D gas sensors; graphene oxide; transition-metal chalcogenide family; phosphorene,4,,0,large specific surface areas; strong surface activities,bandgap; semiconductive nature; intrinsic high surface to volume ratio,2D gas sensors; graphene oxide; transition-metal chalcogenide family; phosphorene,2D gas sensors; graphene oxide; transition-metal chalcogenide family; phosphorene,,yes_related_with_scope_differences,Strong overlap of material families in two reviews.,missing concept in at least one extraction,analyst_assistant_manual_single_rater
22,D004,D037,08d58bd1-a89e-4b70-b817-821df8428bc7,64a8690b-db4c-44ec-bd4a-926f3afabbb1,Microwave-Assisted Synthesis of Graphene–SnO2 Nanocomposites and Their Applications in Gas Sensors,Graphene sheets decorated with SnO2 nanoparticles: in situ synthesis and highly efficient materials for cataluminescence gas sensors,0.8072999421912518,graphene/SnO2 composite; SnO2-containing particles; gas sensors,3,,0,sno 2 /sno x ( x < 2) heterojunctions; efficient transport of the microwave energy; small secondary sno x ( x ≤ 2) nanoparticles deposited on the surfaces; evaporation and redeposition of sno x nanoparticles; high sensor response of 24.7; agglomerated structures of graphene and sno 2 particles; optimized temperature of 150 °c; selective sensitivity to no 2 gas; sno 2 /graphene heterojunctions; surface sn interstitial defects; sno x ( x < 2) phase; sno 2 /sno 2 homojunctions,rutile sno2 nanocrystals were exclusively deposited on graphene sheets with high density and high uniformity to form layered composite sheets; the detection limit was 0.3 μg ml−1(s/n = 3); the linear range of the propanal gas sensor was 1.34–266.67 μg ml−1 (r = 0.9987),graphene/SnO2 composite; SnO2-containing particles; gas sensors,gas sensors,graphene/SnO2 composite; SnO2-containing particles,yes_related_with_scope_differences,Common composite platform; NO2 versus propanal and electrical versus CTL detection differ.,missing concept in at least one extraction; qualified/propositional representation,analyst_assistant_manual_single_rater
23,D013,D068,218cb72e-a7df-4303-9d9e-e374b6e450d7,b102c67e-e167-49c6-a3cf-5c14d31d8fc1,Reduced graphene oxide/ZnO nanocomposite for application in chemical gas sensors,Highly sensitive and rapidly responding room-temperature NO2 gas sensors based on WO3 nanorods/sulfonated graphene nanocomposites,0.8071623504746175,graphene/metal oxide composites; gas sensing; improved sensing performance,3,,0,,selectivity; room-temperature gas sensor; favorable charge transfer occurring at the s-rgo/wo 3 interfaces; extremely fast recovery kinetics; wo 3 nanorods/sulfonated reduced graphene oxide (s-rgo); simple and cost-effective hydrothermal method; optimal sensor response of the wo 3 /s-rgo sensor toward 20 ppm no 2 is 149% in 6 s; excellent reproducibility; highly sensitive and rapidly responding room-temperature no 2 gas sensor,graphene/metal oxide composites; gas sensing; improved sensing performance,graphene/metal oxide composites; gas sensing; improved sensing performance,,yes_related_with_scope_differences,"Same broad composite strategy, but D013 abstract is one sentence and ZnO/WO3 differ.",missing concept in at least one extraction,analyst_assistant_manual_single_rater
24,D064,D082,a5c41f35-df49-4f31-95dd-394405e4c276,d145c9ac-f2af-4f95-a048-4bc61c873bd7,Ultrafast and sensitive room temperature NH3 gas sensors based on chemically reduced graphene oxide,"A 3D Chemically Modified Graphene Hydrogel for Fast, Highly Sensitive, and Selective Gas Sensor",0.8071312810861314,reduced graphene oxide; NH3 sensing; high sensitivity; selectivity; fast response,5,,0,,imbedded microheater; 3d sulfonated rgo hydrogel; chemiresistor‐type sensor,reduced graphene oxide; NH3 sensing; high sensitivity; selectivity; fast response,reduced graphene oxide; NH3 sensing; high sensitivity; selectivity; fast response,,yes_related_with_scope_differences,Common rGO sensing concepts; pyrrole reduction versus sulfonation/3D hydrogel differs.,missing concept in at least one extraction,analyst_assistant_manual_single_rater
25,D014,D078,24b7cbea-bb3a-47fe-af0d-1447f563f093,c56c60ec-74f3-44d5-83e6-f83d87b921f5,A Review on Functionalized Graphene Sensors for Detection of Ammonia,Ultrasensitive N-Channel Graphene Gas Sensors by Nondestructive Molecular Doping,0.8064160308714525,functionalized/doped graphene sensing; NH3 discussion; selectivity,3,,0,fast detection; high sensitivity; great selectivity,gate-free graphene gas sensors enabled by nondestructive molecular n-doping; preferential adsorption of no 2 on n-doped graphene; gas molecules on the n-channel graphene provide charged impurities,functionalized/doped graphene sensing; NH3 discussion; selectivity,functionalized/doped graphene sensing; NH3 discussion; selectivity,,yes_related_with_scope_differences,Broad graphene sensor overlap; D078 explicitly excludes NH3 response. Shared analyte topic is not shared positive sensing claim.,missing concept in at least one extraction,analyst_assistant_manual_single_rater
26,D067,D078,acd6003a-13ec-4bce-87f5-cec1c79eabb3,c56c60ec-74f3-44d5-83e6-f83d87b921f5,Epitaxial graphene gas sensors on SiC substrate with high sensitivity,Ultrasensitive N-Channel Graphene Gas Sensors by Nondestructive Molecular Doping,0.805842353344215,graphene gas sensors; NO2 as discussed analyte; graphene doping; detection limit,4,,0,high sensitivity to no2; detection limit of 1 ppb; response of 105.1%,gate-free graphene gas sensors enabled by nondestructive molecular n-doping; preferential adsorption of no 2 on n-doped graphene; gas molecules on the n-channel graphene provide charged impurities,graphene gas sensors; NO2 as discussed analyte; graphene doping; detection limit,graphene gas sensors; graphene doping; detection limit,NO2 as discussed analyte,yes_related_with_scope_differences,Common NO2 sensing with different graphene platform and radically different numerical limits.,missing concept in at least one extraction; qualified/propositional representation,analyst_assistant_manual_single_rater
27,D060,D099,96575fc6-1212-4cb1-889f-179dd9515854,f7baaf79-a130-4329-9f84-6d80e77835a2,Enhanced sensitivity of graphene ammonia gas sensors using molecular doping,Graphene/mica based ammonia gas sensors,0.8043141488469951,graphene NH3 sensing; NH3 adsorption; doping/hole concentration; electrical resistance response,4,,0,∼1400 ppb; ∼200 parts per billion (ppb); about an order of magnitude,increase in graphene resistance; p-doping; up-shifting of the fermi level,graphene NH3 sensing; NH3 adsorption; doping/hole concentration; electrical resistance response,graphene NH3 sensing; NH3 adsorption; doping/hole concentration; electrical resistance response,,yes_related_with_scope_differences,Strong shared NH3/graphene/electronic doping concepts; NO2 dopant versus mica substrate modulation differs.,missing concept in at least one extraction,analyst_assistant_manual_single_rater
28,D006,D068,0cecfdbe-d7a2-44cc-9362-c5c413dcc46d,b102c67e-e167-49c6-a3cf-5c14d31d8fc1,A 3D scaffold for ultra-sensitive reduced graphene oxide gas sensors,Highly sensitive and rapidly responding room-temperature NO2 gas sensors based on WO3 nanorods/sulfonated graphene nanocomposites,0.8034565802795665,reduced graphene oxide material family; NO2 sensitivity; gas sensors,3,,0,ultra-sensitive gas sensor; low-temperature chemical reduction; reduced graphene oxide nanofiber mat; electrostatic self-assembly; electrospinning method; excellent sensitivity to no2 gas; graphene oxide wrapping,selectivity; room-temperature gas sensor; favorable charge transfer occurring at the s-rgo/wo 3 interfaces; extremely fast recovery kinetics; wo 3 nanorods/sulfonated reduced graphene oxide (s-rgo); simple and cost-effective hydrothermal method; optimal sensor response of the wo 3 /s-rgo sensor toward 20 ppm no 2 is 149% in 6 s; excellent reproducibility; highly sensitive and rapidly responding room-temperature no 2 gas sensor,reduced graphene oxide material family; NO2 sensitivity; gas sensors,,reduced graphene oxide material family; NO2 sensitivity; gas sensors,yes_related_with_scope_differences,Common rGO/NO2 sensing; electrospun scaffold versus WO3/S-rGO differs.,qualified/propositional representation,analyst_assistant_manual_single_rater
29,D011,D100,156b15bb-dbd9-4d9d-a871-3c46ae7d5515,fd94b094-5144-4e96-acd5-de555c2bb84a,Self-Activated Transparent All-Graphene Gas Sensor with Endurance to Humidity and Mechanical Bending,Flexible and Transparent Gas Molecule Sensor Integrated with Sensing and Heating Graphene Layers,0.8019274701327058,all-graphene gas sensor; transparency; flexibility; bending tolerance; NO2 sensing,5,,0,"reliable operation under high humidity conditions; bending strain; highly sensitive, selective, and reversible responses to no2 without external heating; transparency; flexibility; high sensitivity to gas adsorption",rapid recovery (≈11 s); fast (≈14 s) and slow (≈95 s) response due to sp(2) -carbon bonding and disorders on graphene; full recovery steps without significant signal degradation; overall device optical transmittance that exceeds 90%; reliable sensing performance with a bending strain of less than 1.4%,all-graphene gas sensor; transparency; flexibility; bending tolerance; NO2 sensing,all-graphene gas sensor; flexibility; NO2 sensing,transparency; bending tolerance,yes_related_with_scope_differences,Strong shared device/property concepts; self-activation without heating versus integrated heater differs.,missing concept in at least one extraction; qualified/propositional representation,analyst_assistant_manual_single_rater
30,D078,D099,c56c60ec-74f3-44d5-83e6-f83d87b921f5,f7baaf79-a130-4329-9f84-6d80e77835a2,Ultrasensitive N-Channel Graphene Gas Sensors by Nondestructive Molecular Doping,Graphene/mica based ammonia gas sensors,0.8016037077542932,graphene sensors; NH3 interaction; electronic doping (polarity retained); gas adsorption,4,,0,gate-free graphene gas sensors enabled by nondestructive molecular n-doping; preferential adsorption of no 2 on n-doped graphene; gas molecules on the n-channel graphene provide charged impurities,increase in graphene resistance; p-doping; up-shifting of the fermi level,graphene sensors; NH3 interaction; electronic doping (polarity retained); gas adsorption,graphene sensors; NH3 interaction; gas adsorption,electronic doping (polarity retained),yes_related_with_scope_differences,Common graphene/doping/adsorption topics with opposite NH3 behavior and different doping polarity.,missing concept in at least one extraction; qualified/propositional representation,analyst_assistant_manual_single_rater
