document,document_id,external_id,title,neighbor_rank,neighbor,neighbor_id,neighbor_external_id,neighbor_title,similarity
D001,00f9cfc7-459f-4c4d-8131-b425d01527dc,W2978128942,"Reduced Graphene Oxide/Mesoporous ZnO NSs Hybrid Fibers for Flexible, Stretchable, Twisted, and Wearable NO2 E-Textile Gas Sensor",1,D047,7c663f65-65c2-4e27-8840-bf5bdb960cb0,W2258216339,Ultrasensitive and Highly Selective Graphene-Based Single Yarn for Use in Wearable Gas Sensor,0.7768352683587307
D001,00f9cfc7-459f-4c4d-8131-b425d01527dc,W2978128942,"Reduced Graphene Oxide/Mesoporous ZnO NSs Hybrid Fibers for Flexible, Stretchable, Twisted, and Wearable NO2 E-Textile Gas Sensor",2,D002,0552620e-65ac-43c4-93c4-09b464cf9ade,W2342427247,"Wearable, wireless gas sensors using highly stretchable and transparent structures of nanowires and graphene",0.7273332008393626
D001,00f9cfc7-459f-4c4d-8131-b425d01527dc,W2978128942,"Reduced Graphene Oxide/Mesoporous ZnO NSs Hybrid Fibers for Flexible, Stretchable, Twisted, and Wearable NO2 E-Textile Gas Sensor",3,D058,95ad40b5-46f9-4654-bdd2-96e396478d6c,W2752122312,Flexible Graphene-Based Wearable Gas and Chemical Sensors,0.6972524633639752
D002,0552620e-65ac-43c4-93c4-09b464cf9ade,W2342427247,"Wearable, wireless gas sensors using highly stretchable and transparent structures of nanowires and graphene",1,D058,95ad40b5-46f9-4654-bdd2-96e396478d6c,W2752122312,Flexible Graphene-Based Wearable Gas and Chemical Sensors,0.760981525226777
D002,0552620e-65ac-43c4-93c4-09b464cf9ade,W2342427247,"Wearable, wireless gas sensors using highly stretchable and transparent structures of nanowires and graphene",2,D011,156b15bb-dbd9-4d9d-a871-3c46ae7d5515,W1276751773,Self-Activated Transparent All-Graphene Gas Sensor with Endurance to Humidity and Mechanical Bending,0.7368056015647594
D002,0552620e-65ac-43c4-93c4-09b464cf9ade,W2342427247,"Wearable, wireless gas sensors using highly stretchable and transparent structures of nanowires and graphene",3,D001,00f9cfc7-459f-4c4d-8131-b425d01527dc,W2978128942,"Reduced Graphene Oxide/Mesoporous ZnO NSs Hybrid Fibers for Flexible, Stretchable, Twisted, and Wearable NO2 E-Textile Gas Sensor",0.7273332008393626
D003,06066c66-1454-4813-b7b7-f366b9956035,W4284897849,"Moisture-resistant, stretchable NOx gas sensors based on laser-induced graphene for environmental monitoring and breath analysis",1,D011,156b15bb-dbd9-4d9d-a871-3c46ae7d5515,W1276751773,Self-Activated Transparent All-Graphene Gas Sensor with Endurance to Humidity and Mechanical Bending,0.7527221050176064
D003,06066c66-1454-4813-b7b7-f366b9956035,W4284897849,"Moisture-resistant, stretchable NOx gas sensors based on laser-induced graphene for environmental monitoring and breath analysis",2,D006,0cecfdbe-d7a2-44cc-9362-c5c413dcc46d,W2088509039,A 3D scaffold for ultra-sensitive reduced graphene oxide gas sensors,0.7269189310551751
D003,06066c66-1454-4813-b7b7-f366b9956035,W4284897849,"Moisture-resistant, stretchable NOx gas sensors based on laser-induced graphene for environmental monitoring and breath analysis",3,D058,95ad40b5-46f9-4654-bdd2-96e396478d6c,W2752122312,Flexible Graphene-Based Wearable Gas and Chemical Sensors,0.7149638671259718
D004,08d58bd1-a89e-4b70-b817-821df8428bc7,W2748866382,Microwave-Assisted Synthesis of Graphene–SnO2 Nanocomposites and Their Applications in Gas Sensors,1,D037,64a8690b-db4c-44ec-bd4a-926f3afabbb1,W2031873156,Graphene sheets decorated with SnO2 nanoparticles: in situ synthesis and highly efficient materials for cataluminescence gas sensors,0.8072999421912518
D004,08d58bd1-a89e-4b70-b817-821df8428bc7,W2748866382,Microwave-Assisted Synthesis of Graphene–SnO2 Nanocomposites and Their Applications in Gas Sensors,2,D007,1012c1e5-ed99-4e3a-ba11-ac77cc359a2e,W1996257604,Highly aligned SnO2 nanorods on graphene sheets for gas sensors,0.795079338890216
D004,08d58bd1-a89e-4b70-b817-821df8428bc7,W2748866382,Microwave-Assisted Synthesis of Graphene–SnO2 Nanocomposites and Their Applications in Gas Sensors,3,D068,b102c67e-e167-49c6-a3cf-5c14d31d8fc1,W2738950220,Highly sensitive and rapidly responding room-temperature NO2 gas sensors based on WO3 nanorods/sulfonated graphene nanocomposites,0.7931421124205105
D005,0aefc3c4-7a94-4f46-a092-61c24f82eed8,W2143970475,A review of graphene and graphene oxide sponge: material synthesis and applications to energy and the environment,1,D087,e07c06f0-da13-404a-b8b9-7112202bcf57,W2031311944,Design of advanced porous graphene materials: from graphene nanomesh to 3D architectures,0.6898048497831193
D005,0aefc3c4-7a94-4f46-a092-61c24f82eed8,W2143970475,A review of graphene and graphene oxide sponge: material synthesis and applications to energy and the environment,2,D013,218cb72e-a7df-4303-9d9e-e374b6e450d7,W2318335082,Reduced graphene oxide/ZnO nanocomposite for application in chemical gas sensors,0.6605424917600405
D005,0aefc3c4-7a94-4f46-a092-61c24f82eed8,W2143970475,A review of graphene and graphene oxide sponge: material synthesis and applications to energy and the environment,3,D023,3263deed-de40-4cc0-bf0f-e980647f6535,W2138183388,Biological and chemical sensors based on graphene materials,0.6485231728949151
D006,0cecfdbe-d7a2-44cc-9362-c5c413dcc46d,W2088509039,A 3D scaffold for ultra-sensitive reduced graphene oxide gas sensors,1,D068,b102c67e-e167-49c6-a3cf-5c14d31d8fc1,W2738950220,Highly sensitive and rapidly responding room-temperature NO2 gas sensors based on WO3 nanorods/sulfonated graphene nanocomposites,0.8034565802795665
D006,0cecfdbe-d7a2-44cc-9362-c5c413dcc46d,W2088509039,A 3D scaffold for ultra-sensitive reduced graphene oxide gas sensors,2,D008,10c07eba-9d0f-42a9-aeb3-911ec8ccc747,W3206995855,N-doped reduced graphene oxide for room-temperature NO gas sensors,0.7992471846778303
D006,0cecfdbe-d7a2-44cc-9362-c5c413dcc46d,W2088509039,A 3D scaffold for ultra-sensitive reduced graphene oxide gas sensors,3,D040,704d0fb4-dc04-4a88-ab73-ab9204758f98,W2144690954,Ammonia gas sensors based on chemically reduced graphene oxide sheets self-assembled on Au electrodes,0.7823268178311135
D007,1012c1e5-ed99-4e3a-ba11-ac77cc359a2e,W1996257604,Highly aligned SnO2 nanorods on graphene sheets for gas sensors,1,D004,08d58bd1-a89e-4b70-b817-821df8428bc7,W2748866382,Microwave-Assisted Synthesis of Graphene–SnO2 Nanocomposites and Their Applications in Gas Sensors,0.795079338890216
D007,1012c1e5-ed99-4e3a-ba11-ac77cc359a2e,W1996257604,Highly aligned SnO2 nanorods on graphene sheets for gas sensors,2,D068,b102c67e-e167-49c6-a3cf-5c14d31d8fc1,W2738950220,Highly sensitive and rapidly responding room-temperature NO2 gas sensors based on WO3 nanorods/sulfonated graphene nanocomposites,0.7517479084604695
D007,1012c1e5-ed99-4e3a-ba11-ac77cc359a2e,W1996257604,Highly aligned SnO2 nanorods on graphene sheets for gas sensors,3,D052,88e8a18b-f7b8-4366-9ffc-ffbc1655b882,W2285979304,Sensitive Room-Temperature H2S Gas Sensors Employing SnO2 Quantum Wire/Reduced Graphene Oxide Nanocomposites,0.7479076528699621
D008,10c07eba-9d0f-42a9-aeb3-911ec8ccc747,W3206995855,N-doped reduced graphene oxide for room-temperature NO gas sensors,1,D064,a5c41f35-df49-4f31-95dd-394405e4c276,W2038843379,Ultrafast and sensitive room temperature NH3 gas sensors based on chemically reduced graphene oxide,0.8255969756583318
D008,10c07eba-9d0f-42a9-aeb3-911ec8ccc747,W3206995855,N-doped reduced graphene oxide for room-temperature NO gas sensors,2,D082,d145c9ac-f2af-4f95-a048-4bc61c873bd7,W2563624639,"A 3D Chemically Modified Graphene Hydrogel for Fast, Highly Sensitive, and Selective Gas Sensor",0.8119655452529634
D008,10c07eba-9d0f-42a9-aeb3-911ec8ccc747,W3206995855,N-doped reduced graphene oxide for room-temperature NO gas sensors,3,D053,895f3ff1-5a2d-4c4f-b146-bfa105dd2639,W2127824358,Reduced graphene oxide for room-temperature gas sensors,0.7997056835859772
D009,1217ad37-8d52-447f-bf53-7b61ce059613,W2056355037,Graphene Oxide Dispersions in Organic Solvents,1,D066,a7588c01-0b42-40c2-8e08-86a056819ce7,W2233797376,Studies of Reduced Graphene Oxide and Graphite Oxide in the Aspect of Their Possible Application in Gas Sensors,0.6144224652949203
D009,1217ad37-8d52-447f-bf53-7b61ce059613,W2056355037,Graphene Oxide Dispersions in Organic Solvents,2,D005,0aefc3c4-7a94-4f46-a092-61c24f82eed8,W2143970475,A review of graphene and graphene oxide sponge: material synthesis and applications to energy and the environment,0.5996704064492415
D009,1217ad37-8d52-447f-bf53-7b61ce059613,W2056355037,Graphene Oxide Dispersions in Organic Solvents,3,D096,f13d2b75-dc3f-474d-975b-894e77fc79d4,W3016456929,Progress in the functional modification of graphene/graphene oxide: a review,0.5721330816804985
D010,136d5083-0254-4930-a35e-88441bb802a0,W4376618059,Room-Temperature Ammonia Gas Sensor Based on Ti3C2Tx MXene/Graphene Oxide/CuO/ZnO Nanocomposite,1,D083,d8fa4f24-71ee-4b88-967c-024021e0043b,W2977677425,Ultrahigh Selective Room-Temperature Ammonia Gas Sensor Based on Tin–Titanium Dioxide/reduced Graphene/Carbon Nanotube Nanocomposites by the Solvothermal Method,0.7934106570229071
D010,136d5083-0254-4930-a35e-88441bb802a0,W4376618059,Room-Temperature Ammonia Gas Sensor Based on Ti3C2Tx MXene/Graphene Oxide/CuO/ZnO Nanocomposite,2,D068,b102c67e-e167-49c6-a3cf-5c14d31d8fc1,W2738950220,Highly sensitive and rapidly responding room-temperature NO2 gas sensors based on WO3 nanorods/sulfonated graphene nanocomposites,0.744945429536807
D010,136d5083-0254-4930-a35e-88441bb802a0,W4376618059,Room-Temperature Ammonia Gas Sensor Based on Ti3C2Tx MXene/Graphene Oxide/CuO/ZnO Nanocomposite,3,D026,3df9cd7a-940f-400e-b03a-a72459a5558f,W2785184816,Metallic Ti3C2T x MXene Gas Sensors with Ultrahigh Signal-to-Noise Ratio,0.7194169372989352
D011,156b15bb-dbd9-4d9d-a871-3c46ae7d5515,W1276751773,Self-Activated Transparent All-Graphene Gas Sensor with Endurance to Humidity and Mechanical Bending,1,D100,fd94b094-5144-4e96-acd5-de555c2bb84a,W1999206703,Flexible and Transparent Gas Molecule Sensor Integrated with Sensing and Heating Graphene Layers,0.8019274701327058
D011,156b15bb-dbd9-4d9d-a871-3c46ae7d5515,W1276751773,Self-Activated Transparent All-Graphene Gas Sensor with Endurance to Humidity and Mechanical Bending,2,D058,95ad40b5-46f9-4654-bdd2-96e396478d6c,W2752122312,Flexible Graphene-Based Wearable Gas and Chemical Sensors,0.7873450207752509
D011,156b15bb-dbd9-4d9d-a871-3c46ae7d5515,W1276751773,Self-Activated Transparent All-Graphene Gas Sensor with Endurance to Humidity and Mechanical Bending,3,D085,dbf895b0-e07a-40a0-9dde-d2858ff63320,W3180216250,Understanding and optimization of graphene gas sensors,0.7609777543336859
D012,20376efd-3954-4627-a0f9-768d09825046,W2167087575,Highly selective gas sensor arrays based on thermally reduced graphene oxide,1,D082,d145c9ac-f2af-4f95-a048-4bc61c873bd7,W2563624639,"A 3D Chemically Modified Graphene Hydrogel for Fast, Highly Sensitive, and Selective Gas Sensor",0.7985914605421066
D012,20376efd-3954-4627-a0f9-768d09825046,W2167087575,Highly selective gas sensor arrays based on thermally reduced graphene oxide,2,D097,f1c4d560-678f-4ead-af98-f670b31ac562,W2017626781,Highly Sensitive and Selective Gas Sensor Using Hydrophilic and Hydrophobic Graphenes,0.7733594375077144
D012,20376efd-3954-4627-a0f9-768d09825046,W2167087575,Highly selective gas sensor arrays based on thermally reduced graphene oxide,3,D064,a5c41f35-df49-4f31-95dd-394405e4c276,W2038843379,Ultrafast and sensitive room temperature NH3 gas sensors based on chemically reduced graphene oxide,0.7588205336691953
D013,218cb72e-a7df-4303-9d9e-e374b6e450d7,W2318335082,Reduced graphene oxide/ZnO nanocomposite for application in chemical gas sensors,1,D068,b102c67e-e167-49c6-a3cf-5c14d31d8fc1,W2738950220,Highly sensitive and rapidly responding room-temperature NO2 gas sensors based on WO3 nanorods/sulfonated graphene nanocomposites,0.8071623504746175
D013,218cb72e-a7df-4303-9d9e-e374b6e450d7,W2318335082,Reduced graphene oxide/ZnO nanocomposite for application in chemical gas sensors,2,D034,5df9a10b-804f-4bac-accb-a23fd2e2d2e0,W1981902104,Graphene-based gas sensor: metal decoration effect and application to a flexible device,0.8013734099457152
D013,218cb72e-a7df-4303-9d9e-e374b6e450d7,W2318335082,Reduced graphene oxide/ZnO nanocomposite for application in chemical gas sensors,3,D038,6a675d0d-8256-4c8f-b2ae-7c95c1bcabf8,W2799657301,3D Architectured Graphene/Metal Oxide Hybrids for Gas Sensors: A Review,0.7865603331016181
D014,24b7cbea-bb3a-47fe-af0d-1447f563f093,W3129375065,A Review on Functionalized Graphene Sensors for Detection of Ammonia,1,D099,f7baaf79-a130-4329-9f84-6d80e77835a2,W2008068390,Graphene/mica based ammonia gas sensors,0.8157146059592747
D014,24b7cbea-bb3a-47fe-af0d-1447f563f093,W3129375065,A Review on Functionalized Graphene Sensors for Detection of Ammonia,2,D041,70b57363-3591-4f4b-a1a9-d0f8987b6b80,W2178763567,A Review on Graphene-Based Gas/Vapor Sensors with Unique Properties and Potential Applications,0.809922032982116
D014,24b7cbea-bb3a-47fe-af0d-1447f563f093,W3129375065,A Review on Functionalized Graphene Sensors for Detection of Ammonia,3,D078,c56c60ec-74f3-44d5-83e6-f83d87b921f5,W4210343955,Ultrasensitive N-Channel Graphene Gas Sensors by Nondestructive Molecular Doping,0.8064160308714525
D015,24e7049e-e304-4bc5-b9b9-e739b7cf5f9c,W4236825273,Laser-Induced Graphene,1,D070,b652e00f-7ac8-4b37-b370-272e2482d67f,W2922177019,Laser-Induced Graphene for Flexible and Embeddable Gas Sensors,0.6887080792436949
D015,24e7049e-e304-4bc5-b9b9-e739b7cf5f9c,W4236825273,Laser-Induced Graphene,2,D094,ee5ad392-f96f-4241-b1c9-844477b87925,W4403961457,Laser-induced graphene gas sensors for environmental monitoring,0.6763886824776771
D015,24e7049e-e304-4bc5-b9b9-e739b7cf5f9c,W4236825273,Laser-Induced Graphene,3,D087,e07c06f0-da13-404a-b8b9-7112202bcf57,W2031311944,Design of advanced porous graphene materials: from graphene nanomesh to 3D architectures,0.6435313210620287
D016,28108c5f-75cb-438f-8c84-cadc991d9eb5,W2095429697,Adsorption of gas molecules on transition metal embedded graphene: a search for high-performance graphene-based catalysts and gas sensors,1,D056,8f9fc5ae-0c9f-466e-96e6-7a1af0a80a87,W2041858177,"Adsorption of H 2 O , N H 3 , CO, N O 2 , and NO on graphene: A first-principles study",0.768805481495212
D016,28108c5f-75cb-438f-8c84-cadc991d9eb5,W2095429697,Adsorption of gas molecules on transition metal embedded graphene: a search for high-performance graphene-based catalysts and gas sensors,2,D092,ea87c55e-72ef-439c-aa6b-7285edc49095,W1994481181,Improving gas sensing properties of graphene by introducing dopants and defects: a first-principles study,0.7482130011451431
D016,28108c5f-75cb-438f-8c84-cadc991d9eb5,W2095429697,Adsorption of gas molecules on transition metal embedded graphene: a search for high-performance graphene-based catalysts and gas sensors,3,D045,7b462286-ce94-41ea-b031-543d6aaef0f2,W1982563532,"Gas adsorption on graphene doped with B, N, Al, and S: A theoretical study",0.7467129042770374
D017,2860ed7f-a2a8-4e76-9250-e3558d092f23,W2616686898,Gas sensing in 2D materials,1,D039,6f1fea7f-0d19-4f8a-99cc-842e0fa30c78,W2898341701,"2D Materials for Gas Sensing Applications: A Review on Graphene Oxide, MoS2, WS2 and Phosphorene",0.8083108205485832
D017,2860ed7f-a2a8-4e76-9250-e3558d092f23,W2616686898,Gas sensing in 2D materials,2,D043,7ab3543e-3bdf-4320-880f-3590b26aa4b6,W3109385342,"Semiconductor Gas Sensors: Materials, Technology, Design, and Application",0.7978819133133308
D017,2860ed7f-a2a8-4e76-9250-e3558d092f23,W2616686898,Gas sensing in 2D materials,3,D019,2dab9e82-5d29-40da-b093-b12b1fbde4da,W2076475450,Graphene-based gas sensors,0.7602627762532516
D018,298b9ec6-547c-4544-ad9b-1d7796ef32c1,W2164878199,Reduced Graphene Oxide Conjugated Cu2O Nanowire Mesocrystals for High-Performance NO2 Gas Sensor,1,D074,bfcae593-3cf3-42fd-971a-5521c706cabe,W2105031224,Facile synthesis of novel 3D nanoflower-like CuxO/multilayer graphene composites for room temperature NOx gas sensor application,0.6768813187370061
D018,298b9ec6-547c-4544-ad9b-1d7796ef32c1,W2164878199,Reduced Graphene Oxide Conjugated Cu2O Nanowire Mesocrystals for High-Performance NO2 Gas Sensor,2,D068,b102c67e-e167-49c6-a3cf-5c14d31d8fc1,W2738950220,Highly sensitive and rapidly responding room-temperature NO2 gas sensors based on WO3 nanorods/sulfonated graphene nanocomposites,0.6654816387456115
D018,298b9ec6-547c-4544-ad9b-1d7796ef32c1,W2164878199,Reduced Graphene Oxide Conjugated Cu2O Nanowire Mesocrystals for High-Performance NO2 Gas Sensor,3,D007,1012c1e5-ed99-4e3a-ba11-ac77cc359a2e,W1996257604,Highly aligned SnO2 nanorods on graphene sheets for gas sensors,0.6238503651810304
D019,2dab9e82-5d29-40da-b093-b12b1fbde4da,W2076475450,Graphene-based gas sensors,1,D084,d9353f7c-7923-4367-bf9f-78451104b2f5,W2854295798,Research Progress of Gas Sensor Based on Graphene and Its Derivatives: A Review,0.8248432677053097
D019,2dab9e82-5d29-40da-b093-b12b1fbde4da,W2076475450,Graphene-based gas sensors,2,D039,6f1fea7f-0d19-4f8a-99cc-842e0fa30c78,W2898341701,"2D Materials for Gas Sensing Applications: A Review on Graphene Oxide, MoS2, WS2 and Phosphorene",0.7857365503053356
D019,2dab9e82-5d29-40da-b093-b12b1fbde4da,W2076475450,Graphene-based gas sensors,3,D033,5d98bb43-ab4b-458a-86bc-0d4b88145cb7,W3026327090,Graphene-Based Hydrogen Gas Sensors: A Review,0.7842361932406755
D020,2ebddf68-fb9c-46be-873c-9d7e19b32af5,W2053573257,Temperature and thickness dependence of the sensitivity of nitrogen dioxide graphene gas sensors modified by atomic layer deposited zinc oxide films,1,D065,a699dfba-8207-41f9-a491-43a360e40cd9,W2083254069,High sensitive formaldehyde graphene gas sensor modified by atomic layer deposition zinc oxide films,0.7741343408474519
D020,2ebddf68-fb9c-46be-873c-9d7e19b32af5,W2053573257,Temperature and thickness dependence of the sensitivity of nitrogen dioxide graphene gas sensors modified by atomic layer deposited zinc oxide films,2,D060,96575fc6-1212-4cb1-889f-179dd9515854,W2284579279,Enhanced sensitivity of graphene ammonia gas sensors using molecular doping,0.7142495747837978
D020,2ebddf68-fb9c-46be-873c-9d7e19b32af5,W2053573257,Temperature and thickness dependence of the sensitivity of nitrogen dioxide graphene gas sensors modified by atomic layer deposited zinc oxide films,3,D078,c56c60ec-74f3-44d5-83e6-f83d87b921f5,W4210343955,Ultrasensitive N-Channel Graphene Gas Sensors by Nondestructive Molecular Doping,0.7137819257690592
D021,2f7fb8d1-42b1-433b-9091-7d13fc6493b1,W2936896595,"Synthesis, properties, and applications of graphene oxide/reduced graphene oxide and their nanocomposites",1,D051,878586e5-bf5c-4fcf-91db-5c64bb999ec8,W2736441330,Mechanical properties of graphene and graphene-based nanocomposites,0.696513361534392
D021,2f7fb8d1-42b1-433b-9091-7d13fc6493b1,W2936896595,"Synthesis, properties, and applications of graphene oxide/reduced graphene oxide and their nanocomposites",2,D013,218cb72e-a7df-4303-9d9e-e374b6e450d7,W2318335082,Reduced graphene oxide/ZnO nanocomposite for application in chemical gas sensors,0.6871897872190541
D021,2f7fb8d1-42b1-433b-9091-7d13fc6493b1,W2936896595,"Synthesis, properties, and applications of graphene oxide/reduced graphene oxide and their nanocomposites",3,D087,e07c06f0-da13-404a-b8b9-7112202bcf57,W2031311944,Design of advanced porous graphene materials: from graphene nanomesh to 3D architectures,0.648209757185472
D022,2fffa4e2-bc98-4639-a657-e9071f8d65f8,W2060512241,Adsorption of Gas Molecules on Graphene Nanoribbons and Its Implication for Nanoscale Molecule Sensor,1,D092,ea87c55e-72ef-439c-aa6b-7285edc49095,W1994481181,Improving gas sensing properties of graphene by introducing dopants and defects: a first-principles study,0.7729084114339945
D022,2fffa4e2-bc98-4639-a657-e9071f8d65f8,W2060512241,Adsorption of Gas Molecules on Graphene Nanoribbons and Its Implication for Nanoscale Molecule Sensor,2,D056,8f9fc5ae-0c9f-466e-96e6-7a1af0a80a87,W2041858177,"Adsorption of H 2 O , N H 3 , CO, N O 2 , and NO on graphene: A first-principles study",0.7411177874760231
D022,2fffa4e2-bc98-4639-a657-e9071f8d65f8,W2060512241,Adsorption of Gas Molecules on Graphene Nanoribbons and Its Implication for Nanoscale Molecule Sensor,3,D085,dbf895b0-e07a-40a0-9dde-d2858ff63320,W3180216250,Understanding and optimization of graphene gas sensors,0.7310606038333406
D023,3263deed-de40-4cc0-bf0f-e980647f6535,W2138183388,Biological and chemical sensors based on graphene materials,1,D085,dbf895b0-e07a-40a0-9dde-d2858ff63320,W3180216250,Understanding and optimization of graphene gas sensors,0.7954023587139835
D023,3263deed-de40-4cc0-bf0f-e980647f6535,W2138183388,Biological and chemical sensors based on graphene materials,2,D073,be88ae5a-4cd1-4568-9792-a9d1eddb56be,W3010294696,Frontiers of graphene and 2D material-based gas sensors for environmental monitoring,0.793968713603372
D023,3263deed-de40-4cc0-bf0f-e980647f6535,W2138183388,Biological and chemical sensors based on graphene materials,3,D058,95ad40b5-46f9-4654-bdd2-96e396478d6c,W2752122312,Flexible Graphene-Based Wearable Gas and Chemical Sensors,0.7619676626187977
D024,3a5a587d-5ddf-49b9-aa34-bd081fb0d04b,W1967752584,Porous Graphene as the Ultimate Membrane for Gas Separation,1,D087,e07c06f0-da13-404a-b8b9-7112202bcf57,W2031311944,Design of advanced porous graphene materials: from graphene nanomesh to 3D architectures,0.685340674941451
D024,3a5a587d-5ddf-49b9-aa34-bd081fb0d04b,W1967752584,Porous Graphene as the Ultimate Membrane for Gas Separation,2,D034,5df9a10b-804f-4bac-accb-a23fd2e2d2e0,W1981902104,Graphene-based gas sensor: metal decoration effect and application to a flexible device,0.6585141438889008
D024,3a5a587d-5ddf-49b9-aa34-bd081fb0d04b,W1967752584,Porous Graphene as the Ultimate Membrane for Gas Separation,3,D028,4321f854-bd6e-4799-a118-a50733440314,W3135157331,Recent Developments in Graphene-Based Toxic Gas Sensors: A Theoretical Overview,0.6430687924962463
D025,3c6c7dee-038f-4e1a-a3be-1f829a96ebdd,W1919056245,Hydrogen gas sensor based on metal oxide nanoparticles decorated graphene transistor,1,D068,b102c67e-e167-49c6-a3cf-5c14d31d8fc1,W2738950220,Highly sensitive and rapidly responding room-temperature NO2 gas sensors based on WO3 nanorods/sulfonated graphene nanocomposites,0.7728871961818118
D025,3c6c7dee-038f-4e1a-a3be-1f829a96ebdd,W1919056245,Hydrogen gas sensor based on metal oxide nanoparticles decorated graphene transistor,2,D100,fd94b094-5144-4e96-acd5-de555c2bb84a,W1999206703,Flexible and Transparent Gas Molecule Sensor Integrated with Sensing and Heating Graphene Layers,0.7675340679638396
D025,3c6c7dee-038f-4e1a-a3be-1f829a96ebdd,W1919056245,Hydrogen gas sensor based on metal oxide nanoparticles decorated graphene transistor,3,D046,7c4e84e8-09c5-4150-849e-7a21493a18db,W2900239789,Graphene-enhanced metal oxide gas sensors at room temperature: a review,0.7644943912448153
D026,3df9cd7a-940f-400e-b03a-a72459a5558f,W2785184816,Metallic Ti3C2T x MXene Gas Sensors with Ultrahigh Signal-to-Noise Ratio,1,D046,7c4e84e8-09c5-4150-849e-7a21493a18db,W2900239789,Graphene-enhanced metal oxide gas sensors at room temperature: a review,0.7231707422484102
D026,3df9cd7a-940f-400e-b03a-a72459a5558f,W2785184816,Metallic Ti3C2T x MXene Gas Sensors with Ultrahigh Signal-to-Noise Ratio,2,D010,136d5083-0254-4930-a35e-88441bb802a0,W4376618059,Room-Temperature Ammonia Gas Sensor Based on Ti3C2Tx MXene/Graphene Oxide/CuO/ZnO Nanocomposite,0.7194169372989352
D026,3df9cd7a-940f-400e-b03a-a72459a5558f,W2785184816,Metallic Ti3C2T x MXene Gas Sensors with Ultrahigh Signal-to-Noise Ratio,3,D043,7ab3543e-3bdf-4320-880f-3590b26aa4b6,W3109385342,"Semiconductor Gas Sensors: Materials, Technology, Design, and Application",0.7065808732135752
D027,3fb867af-6db1-45a4-8ff8-974292ac5ce1,W645444157,Graphene-Based Long-Period Fiber Grating Surface Plasmon Resonance Sensor for High-Sensitivity Gas Sensing,1,D032,5c25b3c9-cc53-4db3-a4b2-9b9e58f70a32,W3004352145,Graphene-Based Gas Sensors with High Sensitivity and Minimal Sensor-to-Sensor Variation,0.7241693383760066
D027,3fb867af-6db1-45a4-8ff8-974292ac5ce1,W645444157,Graphene-Based Long-Period Fiber Grating Surface Plasmon Resonance Sensor for High-Sensitivity Gas Sensing,2,D079,c5dfdef7-4f8f-455d-8ef1-e24b30dd136f,W2945841863,Graphene Decorated with Silver Nanoparticles as a Low-Temperature Methane Gas Sensor,0.7108415131055972
D027,3fb867af-6db1-45a4-8ff8-974292ac5ce1,W645444157,Graphene-Based Long-Period Fiber Grating Surface Plasmon Resonance Sensor for High-Sensitivity Gas Sensing,3,D100,fd94b094-5144-4e96-acd5-de555c2bb84a,W1999206703,Flexible and Transparent Gas Molecule Sensor Integrated with Sensing and Heating Graphene Layers,0.6909336561513968
D028,4321f854-bd6e-4799-a118-a50733440314,W3135157331,Recent Developments in Graphene-Based Toxic Gas Sensors: A Theoretical Overview,1,D041,70b57363-3591-4f4b-a1a9-d0f8987b6b80,W2178763567,A Review on Graphene-Based Gas/Vapor Sensors with Unique Properties and Potential Applications,0.7783118239494696
D028,4321f854-bd6e-4799-a118-a50733440314,W3135157331,Recent Developments in Graphene-Based Toxic Gas Sensors: A Theoretical Overview,2,D085,dbf895b0-e07a-40a0-9dde-d2858ff63320,W3180216250,Understanding and optimization of graphene gas sensors,0.7724248000000475
D028,4321f854-bd6e-4799-a118-a50733440314,W3135157331,Recent Developments in Graphene-Based Toxic Gas Sensors: A Theoretical Overview,3,D084,d9353f7c-7923-4367-bf9f-78451104b2f5,W2854295798,Research Progress of Gas Sensor Based on Graphene and Its Derivatives: A Review,0.7690414823336409
D029,4a17444d-09e0-4cad-becb-0ad9e9a95b73,W2965196630,NO2 and NH3 Sensing Characteristics of Inkjet Printing Graphene Gas Sensors,1,D063,9e83b80f-5ab2-411c-b800-3f6eac578f51,W3091315741,A Review of Inkjet Printed Graphene and Carbon Nanotubes Based Gas Sensors,0.7871906770598598
D029,4a17444d-09e0-4cad-becb-0ad9e9a95b73,W2965196630,NO2 and NH3 Sensing Characteristics of Inkjet Printing Graphene Gas Sensors,2,D032,5c25b3c9-cc53-4db3-a4b2-9b9e58f70a32,W3004352145,Graphene-Based Gas Sensors with High Sensitivity and Minimal Sensor-to-Sensor Variation,0.763865594544146
D029,4a17444d-09e0-4cad-becb-0ad9e9a95b73,W2965196630,NO2 and NH3 Sensing Characteristics of Inkjet Printing Graphene Gas Sensors,3,D085,dbf895b0-e07a-40a0-9dde-d2858ff63320,W3180216250,Understanding and optimization of graphene gas sensors,0.7486760048284543
D030,4b75c865-01cf-4348-ae21-baf91df52a12,W2343956044,Flexible Transparent Reduced Graphene Oxide Sensor Coupled with Organic Dye Molecules for Rapid Dual‐Mode Ammonia Gas Detection,1,D058,95ad40b5-46f9-4654-bdd2-96e396478d6c,W2752122312,Flexible Graphene-Based Wearable Gas and Chemical Sensors,0.7539928957952002
D030,4b75c865-01cf-4348-ae21-baf91df52a12,W2343956044,Flexible Transparent Reduced Graphene Oxide Sensor Coupled with Organic Dye Molecules for Rapid Dual‐Mode Ammonia Gas Detection,2,D064,a5c41f35-df49-4f31-95dd-394405e4c276,W2038843379,Ultrafast and sensitive room temperature NH3 gas sensors based on chemically reduced graphene oxide,0.7364195481982571
D030,4b75c865-01cf-4348-ae21-baf91df52a12,W2343956044,Flexible Transparent Reduced Graphene Oxide Sensor Coupled with Organic Dye Molecules for Rapid Dual‐Mode Ammonia Gas Detection,3,D097,f1c4d560-678f-4ead-af98-f670b31ac562,W2017626781,Highly Sensitive and Selective Gas Sensor Using Hydrophilic and Hydrophobic Graphenes,0.73570532983144
D031,50aabd72-3718-40d0-b0e9-b145f6ec6d6d,W2972014194,Penta-Graphene as a Potential Gas Sensor for NOx Detection,1,D081,c99f8fc3-6f01-4bf4-bc00-933bbeda27f9,W1988620898,Phosphorene as a Superior Gas Sensor: Selective Adsorption and Distinct I – V Response,0.7424469207540019
D031,50aabd72-3718-40d0-b0e9-b145f6ec6d6d,W2972014194,Penta-Graphene as a Potential Gas Sensor for NOx Detection,2,D008,10c07eba-9d0f-42a9-aeb3-911ec8ccc747,W3206995855,N-doped reduced graphene oxide for room-temperature NO gas sensors,0.7063199669694128
D031,50aabd72-3718-40d0-b0e9-b145f6ec6d6d,W2972014194,Penta-Graphene as a Potential Gas Sensor for NOx Detection,3,D078,c56c60ec-74f3-44d5-83e6-f83d87b921f5,W4210343955,Ultrasensitive N-Channel Graphene Gas Sensors by Nondestructive Molecular Doping,0.7058985154500765
D032,5c25b3c9-cc53-4db3-a4b2-9b9e58f70a32,W3004352145,Graphene-Based Gas Sensors with High Sensitivity and Minimal Sensor-to-Sensor Variation,1,D085,dbf895b0-e07a-40a0-9dde-d2858ff63320,W3180216250,Understanding and optimization of graphene gas sensors,0.800032127457049
D032,5c25b3c9-cc53-4db3-a4b2-9b9e58f70a32,W3004352145,Graphene-Based Gas Sensors with High Sensitivity and Minimal Sensor-to-Sensor Variation,2,D014,24b7cbea-bb3a-47fe-af0d-1447f563f093,W3129375065,A Review on Functionalized Graphene Sensors for Detection of Ammonia,0.7856993381755997
D032,5c25b3c9-cc53-4db3-a4b2-9b9e58f70a32,W3004352145,Graphene-Based Gas Sensors with High Sensitivity and Minimal Sensor-to-Sensor Variation,3,D067,acd6003a-13ec-4bce-87f5-cec1c79eabb3,W3009352661,Epitaxial graphene gas sensors on SiC substrate with high sensitivity,0.7842185406873542
D033,5d98bb43-ab4b-458a-86bc-0d4b88145cb7,W3026327090,Graphene-Based Hydrogen Gas Sensors: A Review,1,D019,2dab9e82-5d29-40da-b093-b12b1fbde4da,W2076475450,Graphene-based gas sensors,0.7842361932406755
D033,5d98bb43-ab4b-458a-86bc-0d4b88145cb7,W3026327090,Graphene-Based Hydrogen Gas Sensors: A Review,2,D091,e6844a28-6617-497a-bbdb-62545365b18d,W2169503583,Nanostructured Pt decorated graphene and multi walled carbon nanotube based room temperature hydrogen gas sensor,0.7706310005053336
D033,5d98bb43-ab4b-458a-86bc-0d4b88145cb7,W3026327090,Graphene-Based Hydrogen Gas Sensors: A Review,3,D085,dbf895b0-e07a-40a0-9dde-d2858ff63320,W3180216250,Understanding and optimization of graphene gas sensors,0.7657091796998523
D034,5df9a10b-804f-4bac-accb-a23fd2e2d2e0,W1981902104,Graphene-based gas sensor: metal decoration effect and application to a flexible device,1,D013,218cb72e-a7df-4303-9d9e-e374b6e450d7,W2318335082,Reduced graphene oxide/ZnO nanocomposite for application in chemical gas sensors,0.8013734099457152
D034,5df9a10b-804f-4bac-accb-a23fd2e2d2e0,W1981902104,Graphene-based gas sensor: metal decoration effect and application to a flexible device,2,D059,95caebbb-a861-49f1-a707-2bf74b2c9a8b,W2570626050,Noble Metal Decorated Graphene-Based Gas Sensors and Their Fabrication: A Review,0.7325265494595925
D034,5df9a10b-804f-4bac-accb-a23fd2e2d2e0,W1981902104,Graphene-based gas sensor: metal decoration effect and application to a flexible device,3,D085,dbf895b0-e07a-40a0-9dde-d2858ff63320,W3180216250,Understanding and optimization of graphene gas sensors,0.7089809882630743
D035,5f698fb2-5265-4343-a012-0c0fb3c6e9c4,W2460838568,B–N@Graphene: Highly Sensitive and Selective Gas Sensor,1,D092,ea87c55e-72ef-439c-aa6b-7285edc49095,W1994481181,Improving gas sensing properties of graphene by introducing dopants and defects: a first-principles study,0.8814598020780382
D035,5f698fb2-5265-4343-a012-0c0fb3c6e9c4,W2460838568,B–N@Graphene: Highly Sensitive and Selective Gas Sensor,2,D045,7b462286-ce94-41ea-b031-543d6aaef0f2,W1982563532,"Gas adsorption on graphene doped with B, N, Al, and S: A theoretical study",0.8546518585349556
D035,5f698fb2-5265-4343-a012-0c0fb3c6e9c4,W2460838568,B–N@Graphene: Highly Sensitive and Selective Gas Sensor,3,D078,c56c60ec-74f3-44d5-83e6-f83d87b921f5,W4210343955,Ultrasensitive N-Channel Graphene Gas Sensors by Nondestructive Molecular Doping,0.7985552901039054
D036,60564d96-782a-4b13-a6ba-e3cd057dbdba,W2333216006,Graphene-Based Chemical Sensors,1,D086,dfbf11ae-d233-47e1-bfbf-505e8c2d0594,W1980451576,Toward Ubiquitous Environmental Gas Sensors—Capitalizing on the Promise of Graphene,0.8352342154774847
D036,60564d96-782a-4b13-a6ba-e3cd057dbdba,W2333216006,Graphene-Based Chemical Sensors,2,D023,3263deed-de40-4cc0-bf0f-e980647f6535,W2138183388,Biological and chemical sensors based on graphene materials,0.7529717024899983
D036,60564d96-782a-4b13-a6ba-e3cd057dbdba,W2333216006,Graphene-Based Chemical Sensors,3,D039,6f1fea7f-0d19-4f8a-99cc-842e0fa30c78,W2898341701,"2D Materials for Gas Sensing Applications: A Review on Graphene Oxide, MoS2, WS2 and Phosphorene",0.7506188249770951
D037,64a8690b-db4c-44ec-bd4a-926f3afabbb1,W2031873156,Graphene sheets decorated with SnO2 nanoparticles: in situ synthesis and highly efficient materials for cataluminescence gas sensors,1,D004,08d58bd1-a89e-4b70-b817-821df8428bc7,W2748866382,Microwave-Assisted Synthesis of Graphene–SnO2 Nanocomposites and Their Applications in Gas Sensors,0.8072999421912518
D037,64a8690b-db4c-44ec-bd4a-926f3afabbb1,W2031873156,Graphene sheets decorated with SnO2 nanoparticles: in situ synthesis and highly efficient materials for cataluminescence gas sensors,2,D068,b102c67e-e167-49c6-a3cf-5c14d31d8fc1,W2738950220,Highly sensitive and rapidly responding room-temperature NO2 gas sensors based on WO3 nanorods/sulfonated graphene nanocomposites,0.7376189637145042
D037,64a8690b-db4c-44ec-bd4a-926f3afabbb1,W2031873156,Graphene sheets decorated with SnO2 nanoparticles: in situ synthesis and highly efficient materials for cataluminescence gas sensors,3,D025,3c6c7dee-038f-4e1a-a3be-1f829a96ebdd,W1919056245,Hydrogen gas sensor based on metal oxide nanoparticles decorated graphene transistor,0.7330954637574341
D038,6a675d0d-8256-4c8f-b2ae-7c95c1bcabf8,W2799657301,3D Architectured Graphene/Metal Oxide Hybrids for Gas Sensors: A Review,1,D046,7c4e84e8-09c5-4150-849e-7a21493a18db,W2900239789,Graphene-enhanced metal oxide gas sensors at room temperature: a review,0.7997250567611511
D038,6a675d0d-8256-4c8f-b2ae-7c95c1bcabf8,W2799657301,3D Architectured Graphene/Metal Oxide Hybrids for Gas Sensors: A Review,2,D068,b102c67e-e167-49c6-a3cf-5c14d31d8fc1,W2738950220,Highly sensitive and rapidly responding room-temperature NO2 gas sensors based on WO3 nanorods/sulfonated graphene nanocomposites,0.7967259869216566
D038,6a675d0d-8256-4c8f-b2ae-7c95c1bcabf8,W2799657301,3D Architectured Graphene/Metal Oxide Hybrids for Gas Sensors: A Review,3,D013,218cb72e-a7df-4303-9d9e-e374b6e450d7,W2318335082,Reduced graphene oxide/ZnO nanocomposite for application in chemical gas sensors,0.7865603331016181
D039,6f1fea7f-0d19-4f8a-99cc-842e0fa30c78,W2898341701,"2D Materials for Gas Sensing Applications: A Review on Graphene Oxide, MoS2, WS2 and Phosphorene",1,D043,7ab3543e-3bdf-4320-880f-3590b26aa4b6,W3109385342,"Semiconductor Gas Sensors: Materials, Technology, Design, and Application",0.8304971773717937
D039,6f1fea7f-0d19-4f8a-99cc-842e0fa30c78,W2898341701,"2D Materials for Gas Sensing Applications: A Review on Graphene Oxide, MoS2, WS2 and Phosphorene",2,D017,2860ed7f-a2a8-4e76-9250-e3558d092f23,W2616686898,Gas sensing in 2D materials,0.8083108205485832
D039,6f1fea7f-0d19-4f8a-99cc-842e0fa30c78,W2898341701,"2D Materials for Gas Sensing Applications: A Review on Graphene Oxide, MoS2, WS2 and Phosphorene",3,D019,2dab9e82-5d29-40da-b093-b12b1fbde4da,W2076475450,Graphene-based gas sensors,0.7857365503053356
D040,704d0fb4-dc04-4a88-ab73-ab9204758f98,W2144690954,Ammonia gas sensors based on chemically reduced graphene oxide sheets self-assembled on Au electrodes,1,D064,a5c41f35-df49-4f31-95dd-394405e4c276,W2038843379,Ultrafast and sensitive room temperature NH3 gas sensors based on chemically reduced graphene oxide,0.8273072363084427
D040,704d0fb4-dc04-4a88-ab73-ab9204758f98,W2144690954,Ammonia gas sensors based on chemically reduced graphene oxide sheets self-assembled on Au electrodes,2,D006,0cecfdbe-d7a2-44cc-9362-c5c413dcc46d,W2088509039,A 3D scaffold for ultra-sensitive reduced graphene oxide gas sensors,0.7823268178311135
D040,704d0fb4-dc04-4a88-ab73-ab9204758f98,W2144690954,Ammonia gas sensors based on chemically reduced graphene oxide sheets self-assembled on Au electrodes,3,D082,d145c9ac-f2af-4f95-a048-4bc61c873bd7,W2563624639,"A 3D Chemically Modified Graphene Hydrogel for Fast, Highly Sensitive, and Selective Gas Sensor",0.7677855256321275
D041,70b57363-3591-4f4b-a1a9-d0f8987b6b80,W2178763567,A Review on Graphene-Based Gas/Vapor Sensors with Unique Properties and Potential Applications,1,D014,24b7cbea-bb3a-47fe-af0d-1447f563f093,W3129375065,A Review on Functionalized Graphene Sensors for Detection of Ammonia,0.809922032982116
D041,70b57363-3591-4f4b-a1a9-d0f8987b6b80,W2178763567,A Review on Graphene-Based Gas/Vapor Sensors with Unique Properties and Potential Applications,2,D084,d9353f7c-7923-4367-bf9f-78451104b2f5,W2854295798,Research Progress of Gas Sensor Based on Graphene and Its Derivatives: A Review,0.7931215561031482
D041,70b57363-3591-4f4b-a1a9-d0f8987b6b80,W2178763567,A Review on Graphene-Based Gas/Vapor Sensors with Unique Properties and Potential Applications,3,D028,4321f854-bd6e-4799-a118-a50733440314,W3135157331,Recent Developments in Graphene-Based Toxic Gas Sensors: A Theoretical Overview,0.7783118239494696
D042,75f1a531-496e-44ff-9a26-97fd0b24dd90,W3080164955,Pt-doped armchair graphene nanoribbon as a promising gas sensor for CO and CO2: DFT study,1,D022,2fffa4e2-bc98-4639-a657-e9071f8d65f8,W2060512241,Adsorption of Gas Molecules on Graphene Nanoribbons and Its Implication for Nanoscale Molecule Sensor,0.7136049968005198
D042,75f1a531-496e-44ff-9a26-97fd0b24dd90,W3080164955,Pt-doped armchair graphene nanoribbon as a promising gas sensor for CO and CO2: DFT study,2,D035,5f698fb2-5265-4343-a012-0c0fb3c6e9c4,W2460838568,B–N@Graphene: Highly Sensitive and Selective Gas Sensor,0.6667091204510214
D042,75f1a531-496e-44ff-9a26-97fd0b24dd90,W3080164955,Pt-doped armchair graphene nanoribbon as a promising gas sensor for CO and CO2: DFT study,3,D092,ea87c55e-72ef-439c-aa6b-7285edc49095,W1994481181,Improving gas sensing properties of graphene by introducing dopants and defects: a first-principles study,0.6490178325603154
D043,7ab3543e-3bdf-4320-880f-3590b26aa4b6,W3109385342,"Semiconductor Gas Sensors: Materials, Technology, Design, and Application",1,D039,6f1fea7f-0d19-4f8a-99cc-842e0fa30c78,W2898341701,"2D Materials for Gas Sensing Applications: A Review on Graphene Oxide, MoS2, WS2 and Phosphorene",0.8304971773717937
D043,7ab3543e-3bdf-4320-880f-3590b26aa4b6,W3109385342,"Semiconductor Gas Sensors: Materials, Technology, Design, and Application",2,D017,2860ed7f-a2a8-4e76-9250-e3558d092f23,W2616686898,Gas sensing in 2D materials,0.7978819133133308
D043,7ab3543e-3bdf-4320-880f-3590b26aa4b6,W3109385342,"Semiconductor Gas Sensors: Materials, Technology, Design, and Application",3,D019,2dab9e82-5d29-40da-b093-b12b1fbde4da,W2076475450,Graphene-based gas sensors,0.7659267103526628
D044,7b42a401-891b-48e3-a681-bd9e3f5fd8cb,W2407642170,Hierarchical graphene–polyaniline nanocomposite films for high-performance flexible electronic gas sensors,1,D030,4b75c865-01cf-4348-ae21-baf91df52a12,W2343956044,Flexible Transparent Reduced Graphene Oxide Sensor Coupled with Organic Dye Molecules for Rapid Dual‐Mode Ammonia Gas Detection,0.7152745020478531
D044,7b42a401-891b-48e3-a681-bd9e3f5fd8cb,W2407642170,Hierarchical graphene–polyaniline nanocomposite films for high-performance flexible electronic gas sensors,2,D040,704d0fb4-dc04-4a88-ab73-ab9204758f98,W2144690954,Ammonia gas sensors based on chemically reduced graphene oxide sheets self-assembled on Au electrodes,0.7124039377632366
D044,7b42a401-891b-48e3-a681-bd9e3f5fd8cb,W2407642170,Hierarchical graphene–polyaniline nanocomposite films for high-performance flexible electronic gas sensors,3,D050,87775318-a9f1-457c-891c-6d910ac56175,W2088861830,Flexible room-temperature NO2 gas sensors based on carbon nanotubes/reduced graphene hybrid films,0.7090736111098244
D045,7b462286-ce94-41ea-b031-543d6aaef0f2,W1982563532,"Gas adsorption on graphene doped with B, N, Al, and S: A theoretical study",1,D035,5f698fb2-5265-4343-a012-0c0fb3c6e9c4,W2460838568,B–N@Graphene: Highly Sensitive and Selective Gas Sensor,0.8546518585349556
D045,7b462286-ce94-41ea-b031-543d6aaef0f2,W1982563532,"Gas adsorption on graphene doped with B, N, Al, and S: A theoretical study",2,D092,ea87c55e-72ef-439c-aa6b-7285edc49095,W1994481181,Improving gas sensing properties of graphene by introducing dopants and defects: a first-principles study,0.8387549009564984
D045,7b462286-ce94-41ea-b031-543d6aaef0f2,W1982563532,"Gas adsorption on graphene doped with B, N, Al, and S: A theoretical study",3,D078,c56c60ec-74f3-44d5-83e6-f83d87b921f5,W4210343955,Ultrasensitive N-Channel Graphene Gas Sensors by Nondestructive Molecular Doping,0.785501225188365
D046,7c4e84e8-09c5-4150-849e-7a21493a18db,W2900239789,Graphene-enhanced metal oxide gas sensors at room temperature: a review,1,D068,b102c67e-e167-49c6-a3cf-5c14d31d8fc1,W2738950220,Highly sensitive and rapidly responding room-temperature NO2 gas sensors based on WO3 nanorods/sulfonated graphene nanocomposites,0.8415465642029138
D046,7c4e84e8-09c5-4150-849e-7a21493a18db,W2900239789,Graphene-enhanced metal oxide gas sensors at room temperature: a review,2,D038,6a675d0d-8256-4c8f-b2ae-7c95c1bcabf8,W2799657301,3D Architectured Graphene/Metal Oxide Hybrids for Gas Sensors: A Review,0.7997250567611511
D046,7c4e84e8-09c5-4150-849e-7a21493a18db,W2900239789,Graphene-enhanced metal oxide gas sensors at room temperature: a review,3,D041,70b57363-3591-4f4b-a1a9-d0f8987b6b80,W2178763567,A Review on Graphene-Based Gas/Vapor Sensors with Unique Properties and Potential Applications,0.7743558009182722
D047,7c663f65-65c2-4e27-8840-bf5bdb960cb0,W2258216339,Ultrasensitive and Highly Selective Graphene-Based Single Yarn for Use in Wearable Gas Sensor,1,D001,00f9cfc7-459f-4c4d-8131-b425d01527dc,W2978128942,"Reduced Graphene Oxide/Mesoporous ZnO NSs Hybrid Fibers for Flexible, Stretchable, Twisted, and Wearable NO2 E-Textile Gas Sensor",0.7768352683587307
D047,7c663f65-65c2-4e27-8840-bf5bdb960cb0,W2258216339,Ultrasensitive and Highly Selective Graphene-Based Single Yarn for Use in Wearable Gas Sensor,2,D006,0cecfdbe-d7a2-44cc-9362-c5c413dcc46d,W2088509039,A 3D scaffold for ultra-sensitive reduced graphene oxide gas sensors,0.721518349829288
D047,7c663f65-65c2-4e27-8840-bf5bdb960cb0,W2258216339,Ultrasensitive and Highly Selective Graphene-Based Single Yarn for Use in Wearable Gas Sensor,3,D040,704d0fb4-dc04-4a88-ab73-ab9204758f98,W2144690954,Ammonia gas sensors based on chemically reduced graphene oxide sheets self-assembled on Au electrodes,0.7115765029808223
D048,7e8119f4-3272-488b-a741-a7b4abb14a69,W2024227324,"Science and technology roadmap for graphene, related two-dimensional crystals, and hybrid systems",1,D036,60564d96-782a-4b13-a6ba-e3cd057dbdba,W2333216006,Graphene-Based Chemical Sensors,0.6078124864109605
D048,7e8119f4-3272-488b-a741-a7b4abb14a69,W2024227324,"Science and technology roadmap for graphene, related two-dimensional crystals, and hybrid systems",2,D087,e07c06f0-da13-404a-b8b9-7112202bcf57,W2031311944,Design of advanced porous graphene materials: from graphene nanomesh to 3D architectures,0.588149865242195
D048,7e8119f4-3272-488b-a741-a7b4abb14a69,W2024227324,"Science and technology roadmap for graphene, related two-dimensional crystals, and hybrid systems",3,D086,dfbf11ae-d233-47e1-bfbf-505e8c2d0594,W1980451576,Toward Ubiquitous Environmental Gas Sensors—Capitalizing on the Promise of Graphene,0.5826598777627592
D049,7f51377e-2cb1-46a3-9bff-19b03dd7f25b,W2116442239,Properties of graphene: a theoretical perspective,1,D055,8d2f77a0-7e7c-45f8-a36e-7be49395ee43,W2169767991,Graphene: carbon in two dimensions,0.6872438791479684
D049,7f51377e-2cb1-46a3-9bff-19b03dd7f25b,W2116442239,Properties of graphene: a theoretical perspective,2,D036,60564d96-782a-4b13-a6ba-e3cd057dbdba,W2333216006,Graphene-Based Chemical Sensors,0.6395074647636151
D049,7f51377e-2cb1-46a3-9bff-19b03dd7f25b,W2116442239,Properties of graphene: a theoretical perspective,3,D034,5df9a10b-804f-4bac-accb-a23fd2e2d2e0,W1981902104,Graphene-based gas sensor: metal decoration effect and application to a flexible device,0.6379000088216186
D050,87775318-a9f1-457c-891c-6d910ac56175,W2088861830,Flexible room-temperature NO2 gas sensors based on carbon nanotubes/reduced graphene hybrid films,1,D006,0cecfdbe-d7a2-44cc-9362-c5c413dcc46d,W2088509039,A 3D scaffold for ultra-sensitive reduced graphene oxide gas sensors,0.7552503746056075
D050,87775318-a9f1-457c-891c-6d910ac56175,W2088861830,Flexible room-temperature NO2 gas sensors based on carbon nanotubes/reduced graphene hybrid films,2,D008,10c07eba-9d0f-42a9-aeb3-911ec8ccc747,W3206995855,N-doped reduced graphene oxide for room-temperature NO gas sensors,0.7359772959301223
D050,87775318-a9f1-457c-891c-6d910ac56175,W2088861830,Flexible room-temperature NO2 gas sensors based on carbon nanotubes/reduced graphene hybrid films,3,D063,9e83b80f-5ab2-411c-b800-3f6eac578f51,W3091315741,A Review of Inkjet Printed Graphene and Carbon Nanotubes Based Gas Sensors,0.7359441267764291
D051,878586e5-bf5c-4fcf-91db-5c64bb999ec8,W2736441330,Mechanical properties of graphene and graphene-based nanocomposites,1,D021,2f7fb8d1-42b1-433b-9091-7d13fc6493b1,W2936896595,"Synthesis, properties, and applications of graphene oxide/reduced graphene oxide and their nanocomposites",0.696513361534392
D051,878586e5-bf5c-4fcf-91db-5c64bb999ec8,W2736441330,Mechanical properties of graphene and graphene-based nanocomposites,2,D013,218cb72e-a7df-4303-9d9e-e374b6e450d7,W2318335082,Reduced graphene oxide/ZnO nanocomposite for application in chemical gas sensors,0.643228833069812
D051,878586e5-bf5c-4fcf-91db-5c64bb999ec8,W2736441330,Mechanical properties of graphene and graphene-based nanocomposites,3,D087,e07c06f0-da13-404a-b8b9-7112202bcf57,W2031311944,Design of advanced porous graphene materials: from graphene nanomesh to 3D architectures,0.6300271053047546
D052,88e8a18b-f7b8-4366-9ffc-ffbc1655b882,W2285979304,Sensitive Room-Temperature H2S Gas Sensors Employing SnO2 Quantum Wire/Reduced Graphene Oxide Nanocomposites,1,D068,b102c67e-e167-49c6-a3cf-5c14d31d8fc1,W2738950220,Highly sensitive and rapidly responding room-temperature NO2 gas sensors based on WO3 nanorods/sulfonated graphene nanocomposites,0.7989070791758071
D052,88e8a18b-f7b8-4366-9ffc-ffbc1655b882,W2285979304,Sensitive Room-Temperature H2S Gas Sensors Employing SnO2 Quantum Wire/Reduced Graphene Oxide Nanocomposites,2,D083,d8fa4f24-71ee-4b88-967c-024021e0043b,W2977677425,Ultrahigh Selective Room-Temperature Ammonia Gas Sensor Based on Tin–Titanium Dioxide/reduced Graphene/Carbon Nanotube Nanocomposites by the Solvothermal Method,0.7676132720221531
D052,88e8a18b-f7b8-4366-9ffc-ffbc1655b882,W2285979304,Sensitive Room-Temperature H2S Gas Sensors Employing SnO2 Quantum Wire/Reduced Graphene Oxide Nanocomposites,3,D025,3c6c7dee-038f-4e1a-a3be-1f829a96ebdd,W1919056245,Hydrogen gas sensor based on metal oxide nanoparticles decorated graphene transistor,0.7492389208912019
D053,895f3ff1-5a2d-4c4f-b146-bfa105dd2639,W2127824358,Reduced graphene oxide for room-temperature gas sensors,1,D008,10c07eba-9d0f-42a9-aeb3-911ec8ccc747,W3206995855,N-doped reduced graphene oxide for room-temperature NO gas sensors,0.7997056835859772
D053,895f3ff1-5a2d-4c4f-b146-bfa105dd2639,W2127824358,Reduced graphene oxide for room-temperature gas sensors,2,D068,b102c67e-e167-49c6-a3cf-5c14d31d8fc1,W2738950220,Highly sensitive and rapidly responding room-temperature NO2 gas sensors based on WO3 nanorods/sulfonated graphene nanocomposites,0.7671854802173396
D053,895f3ff1-5a2d-4c4f-b146-bfa105dd2639,W2127824358,Reduced graphene oxide for room-temperature gas sensors,3,D006,0cecfdbe-d7a2-44cc-9362-c5c413dcc46d,W2088509039,A 3D scaffold for ultra-sensitive reduced graphene oxide gas sensors,0.7617805411430533
D054,8a635573-0311-4947-85e8-fc9dfee4ef43,W2761284455,3D integrated monolayer graphene–Si CMOS RF gas sensor platform,1,D046,7c4e84e8-09c5-4150-849e-7a21493a18db,W2900239789,Graphene-enhanced metal oxide gas sensors at room temperature: a review,0.7198591424754853
D054,8a635573-0311-4947-85e8-fc9dfee4ef43,W2761284455,3D integrated monolayer graphene–Si CMOS RF gas sensor platform,2,D068,b102c67e-e167-49c6-a3cf-5c14d31d8fc1,W2738950220,Highly sensitive and rapidly responding room-temperature NO2 gas sensors based on WO3 nanorods/sulfonated graphene nanocomposites,0.695168889174985
D054,8a635573-0311-4947-85e8-fc9dfee4ef43,W2761284455,3D integrated monolayer graphene–Si CMOS RF gas sensor platform,3,D032,5c25b3c9-cc53-4db3-a4b2-9b9e58f70a32,W3004352145,Graphene-Based Gas Sensors with High Sensitivity and Minimal Sensor-to-Sensor Variation,0.6811229652479305
D055,8d2f77a0-7e7c-45f8-a36e-7be49395ee43,W2169767991,Graphene: carbon in two dimensions,1,D049,7f51377e-2cb1-46a3-9bff-19b03dd7f25b,W2116442239,Properties of graphene: a theoretical perspective,0.6872438791479684
D055,8d2f77a0-7e7c-45f8-a36e-7be49395ee43,W2169767991,Graphene: carbon in two dimensions,2,D086,dfbf11ae-d233-47e1-bfbf-505e8c2d0594,W1980451576,Toward Ubiquitous Environmental Gas Sensors—Capitalizing on the Promise of Graphene,0.6601959610135456
D055,8d2f77a0-7e7c-45f8-a36e-7be49395ee43,W2169767991,Graphene: carbon in two dimensions,3,D036,60564d96-782a-4b13-a6ba-e3cd057dbdba,W2333216006,Graphene-Based Chemical Sensors,0.5715176420785725
D056,8f9fc5ae-0c9f-466e-96e6-7a1af0a80a87,W2041858177,"Adsorption of H 2 O , N H 3 , CO, N O 2 , and NO on graphene: A first-principles study",1,D092,ea87c55e-72ef-439c-aa6b-7285edc49095,W1994481181,Improving gas sensing properties of graphene by introducing dopants and defects: a first-principles study,0.8178443574996126
D056,8f9fc5ae-0c9f-466e-96e6-7a1af0a80a87,W2041858177,"Adsorption of H 2 O , N H 3 , CO, N O 2 , and NO on graphene: A first-principles study",2,D035,5f698fb2-5265-4343-a012-0c0fb3c6e9c4,W2460838568,B–N@Graphene: Highly Sensitive and Selective Gas Sensor,0.7854892531872867
D056,8f9fc5ae-0c9f-466e-96e6-7a1af0a80a87,W2041858177,"Adsorption of H 2 O , N H 3 , CO, N O 2 , and NO on graphene: A first-principles study",3,D045,7b462286-ce94-41ea-b031-543d6aaef0f2,W1982563532,"Gas adsorption on graphene doped with B, N, Al, and S: A theoretical study",0.7846594977494757
D057,92b288c5-a152-43a5-9faa-6d235ae9afb7,W2082723121,High sensitive quasi freestanding epitaxial graphene gas sensor on 6H-SiC,1,D067,acd6003a-13ec-4bce-87f5-cec1c79eabb3,W3009352661,Epitaxial graphene gas sensors on SiC substrate with high sensitivity,0.8552774883633889
D057,92b288c5-a152-43a5-9faa-6d235ae9afb7,W2082723121,High sensitive quasi freestanding epitaxial graphene gas sensor on 6H-SiC,2,D078,c56c60ec-74f3-44d5-83e6-f83d87b921f5,W4210343955,Ultrasensitive N-Channel Graphene Gas Sensors by Nondestructive Molecular Doping,0.7858117675887991
D057,92b288c5-a152-43a5-9faa-6d235ae9afb7,W2082723121,High sensitive quasi freestanding epitaxial graphene gas sensor on 6H-SiC,3,D060,96575fc6-1212-4cb1-889f-179dd9515854,W2284579279,Enhanced sensitivity of graphene ammonia gas sensors using molecular doping,0.7826927645730806
D058,95ad40b5-46f9-4654-bdd2-96e396478d6c,W2752122312,Flexible Graphene-Based Wearable Gas and Chemical Sensors,1,D011,156b15bb-dbd9-4d9d-a871-3c46ae7d5515,W1276751773,Self-Activated Transparent All-Graphene Gas Sensor with Endurance to Humidity and Mechanical Bending,0.7873450207752509
D058,95ad40b5-46f9-4654-bdd2-96e396478d6c,W2752122312,Flexible Graphene-Based Wearable Gas and Chemical Sensors,2,D073,be88ae5a-4cd1-4568-9792-a9d1eddb56be,W3010294696,Frontiers of graphene and 2D material-based gas sensors for environmental monitoring,0.7722796053240039
D058,95ad40b5-46f9-4654-bdd2-96e396478d6c,W2752122312,Flexible Graphene-Based Wearable Gas and Chemical Sensors,3,D063,9e83b80f-5ab2-411c-b800-3f6eac578f51,W3091315741,A Review of Inkjet Printed Graphene and Carbon Nanotubes Based Gas Sensors,0.762592235188288
D059,95caebbb-a861-49f1-a707-2bf74b2c9a8b,W2570626050,Noble Metal Decorated Graphene-Based Gas Sensors and Their Fabrication: A Review,1,D013,218cb72e-a7df-4303-9d9e-e374b6e450d7,W2318335082,Reduced graphene oxide/ZnO nanocomposite for application in chemical gas sensors,0.7613298132434677
D059,95caebbb-a861-49f1-a707-2bf74b2c9a8b,W2570626050,Noble Metal Decorated Graphene-Based Gas Sensors and Their Fabrication: A Review,2,D038,6a675d0d-8256-4c8f-b2ae-7c95c1bcabf8,W2799657301,3D Architectured Graphene/Metal Oxide Hybrids for Gas Sensors: A Review,0.7597619692325582
D059,95caebbb-a861-49f1-a707-2bf74b2c9a8b,W2570626050,Noble Metal Decorated Graphene-Based Gas Sensors and Their Fabrication: A Review,3,D034,5df9a10b-804f-4bac-accb-a23fd2e2d2e0,W1981902104,Graphene-based gas sensor: metal decoration effect and application to a flexible device,0.7325265494595925
D060,96575fc6-1212-4cb1-889f-179dd9515854,W2284579279,Enhanced sensitivity of graphene ammonia gas sensors using molecular doping,1,D078,c56c60ec-74f3-44d5-83e6-f83d87b921f5,W4210343955,Ultrasensitive N-Channel Graphene Gas Sensors by Nondestructive Molecular Doping,0.8854469609014056
D060,96575fc6-1212-4cb1-889f-179dd9515854,W2284579279,Enhanced sensitivity of graphene ammonia gas sensors using molecular doping,2,D092,ea87c55e-72ef-439c-aa6b-7285edc49095,W1994481181,Improving gas sensing properties of graphene by introducing dopants and defects: a first-principles study,0.841739050959236
D060,96575fc6-1212-4cb1-889f-179dd9515854,W2284579279,Enhanced sensitivity of graphene ammonia gas sensors using molecular doping,3,D085,dbf895b0-e07a-40a0-9dde-d2858ff63320,W3180216250,Understanding and optimization of graphene gas sensors,0.8315527599779149
D061,99232d89-6fe1-4045-b661-0e1203a448d8,W2003522292,A Highly Sensitive Hydrogen Sensor with Gas Selectivity Using a PMMA Membrane-Coated Pd Nanoparticle/Single-Layer Graphene Hybrid,1,D069,b5e40c7d-735b-411c-b69b-1cb38751ddb4,W2312656922,Palladium-Decorated Hydrogen-Gas Sensors Using Periodically Aligned Graphene Nanoribbons,0.7243668198508044
D061,99232d89-6fe1-4045-b661-0e1203a448d8,W2003522292,A Highly Sensitive Hydrogen Sensor with Gas Selectivity Using a PMMA Membrane-Coated Pd Nanoparticle/Single-Layer Graphene Hybrid,2,D091,e6844a28-6617-497a-bbdb-62545365b18d,W2169503583,Nanostructured Pt decorated graphene and multi walled carbon nanotube based room temperature hydrogen gas sensor,0.7102521783890584
D061,99232d89-6fe1-4045-b661-0e1203a448d8,W2003522292,A Highly Sensitive Hydrogen Sensor with Gas Selectivity Using a PMMA Membrane-Coated Pd Nanoparticle/Single-Layer Graphene Hybrid,3,D025,3c6c7dee-038f-4e1a-a3be-1f829a96ebdd,W1919056245,Hydrogen gas sensor based on metal oxide nanoparticles decorated graphene transistor,0.6993499930852224
D062,9d8f4109-bb2e-42ab-8894-2304187b181b,W4387884847,Graphene-based chemiresistive gas sensors,1,D043,7ab3543e-3bdf-4320-880f-3590b26aa4b6,W3109385342,"Semiconductor Gas Sensors: Materials, Technology, Design, and Application",0.7474367751196562
D062,9d8f4109-bb2e-42ab-8894-2304187b181b,W4387884847,Graphene-based chemiresistive gas sensors,2,D084,d9353f7c-7923-4367-bf9f-78451104b2f5,W2854295798,Research Progress of Gas Sensor Based on Graphene and Its Derivatives: A Review,0.723488728032937
D062,9d8f4109-bb2e-42ab-8894-2304187b181b,W4387884847,Graphene-based chemiresistive gas sensors,3,D073,be88ae5a-4cd1-4568-9792-a9d1eddb56be,W3010294696,Frontiers of graphene and 2D material-based gas sensors for environmental monitoring,0.7181267992357792
D063,9e83b80f-5ab2-411c-b800-3f6eac578f51,W3091315741,A Review of Inkjet Printed Graphene and Carbon Nanotubes Based Gas Sensors,1,D029,4a17444d-09e0-4cad-becb-0ad9e9a95b73,W2965196630,NO2 and NH3 Sensing Characteristics of Inkjet Printing Graphene Gas Sensors,0.7871906770598598
D063,9e83b80f-5ab2-411c-b800-3f6eac578f51,W3091315741,A Review of Inkjet Printed Graphene and Carbon Nanotubes Based Gas Sensors,2,D041,70b57363-3591-4f4b-a1a9-d0f8987b6b80,W2178763567,A Review on Graphene-Based Gas/Vapor Sensors with Unique Properties and Potential Applications,0.7679266761824035
D063,9e83b80f-5ab2-411c-b800-3f6eac578f51,W3091315741,A Review of Inkjet Printed Graphene and Carbon Nanotubes Based Gas Sensors,3,D058,95ad40b5-46f9-4654-bdd2-96e396478d6c,W2752122312,Flexible Graphene-Based Wearable Gas and Chemical Sensors,0.762592235188288
D064,a5c41f35-df49-4f31-95dd-394405e4c276,W2038843379,Ultrafast and sensitive room temperature NH3 gas sensors based on chemically reduced graphene oxide,1,D040,704d0fb4-dc04-4a88-ab73-ab9204758f98,W2144690954,Ammonia gas sensors based on chemically reduced graphene oxide sheets self-assembled on Au electrodes,0.8273072363084427
D064,a5c41f35-df49-4f31-95dd-394405e4c276,W2038843379,Ultrafast and sensitive room temperature NH3 gas sensors based on chemically reduced graphene oxide,2,D008,10c07eba-9d0f-42a9-aeb3-911ec8ccc747,W3206995855,N-doped reduced graphene oxide for room-temperature NO gas sensors,0.8255969756583318
D064,a5c41f35-df49-4f31-95dd-394405e4c276,W2038843379,Ultrafast and sensitive room temperature NH3 gas sensors based on chemically reduced graphene oxide,3,D082,d145c9ac-f2af-4f95-a048-4bc61c873bd7,W2563624639,"A 3D Chemically Modified Graphene Hydrogel for Fast, Highly Sensitive, and Selective Gas Sensor",0.8071312810861314
D065,a699dfba-8207-41f9-a491-43a360e40cd9,W2083254069,High sensitive formaldehyde graphene gas sensor modified by atomic layer deposition zinc oxide films,1,D020,2ebddf68-fb9c-46be-873c-9d7e19b32af5,W2053573257,Temperature and thickness dependence of the sensitivity of nitrogen dioxide graphene gas sensors modified by atomic layer deposited zinc oxide films,0.7741343408474519
D065,a699dfba-8207-41f9-a491-43a360e40cd9,W2083254069,High sensitive formaldehyde graphene gas sensor modified by atomic layer deposition zinc oxide films,2,D037,64a8690b-db4c-44ec-bd4a-926f3afabbb1,W2031873156,Graphene sheets decorated with SnO2 nanoparticles: in situ synthesis and highly efficient materials for cataluminescence gas sensors,0.6579353509157396
D065,a699dfba-8207-41f9-a491-43a360e40cd9,W2083254069,High sensitive formaldehyde graphene gas sensor modified by atomic layer deposition zinc oxide films,3,D068,b102c67e-e167-49c6-a3cf-5c14d31d8fc1,W2738950220,Highly sensitive and rapidly responding room-temperature NO2 gas sensors based on WO3 nanorods/sulfonated graphene nanocomposites,0.6537543153071307
D066,a7588c01-0b42-40c2-8e08-86a056819ce7,W2233797376,Studies of Reduced Graphene Oxide and Graphite Oxide in the Aspect of Their Possible Application in Gas Sensors,1,D082,d145c9ac-f2af-4f95-a048-4bc61c873bd7,W2563624639,"A 3D Chemically Modified Graphene Hydrogel for Fast, Highly Sensitive, and Selective Gas Sensor",0.6453879887248865
D066,a7588c01-0b42-40c2-8e08-86a056819ce7,W2233797376,Studies of Reduced Graphene Oxide and Graphite Oxide in the Aspect of Their Possible Application in Gas Sensors,2,D097,f1c4d560-678f-4ead-af98-f670b31ac562,W2017626781,Highly Sensitive and Selective Gas Sensor Using Hydrophilic and Hydrophobic Graphenes,0.6377236831309199
D066,a7588c01-0b42-40c2-8e08-86a056819ce7,W2233797376,Studies of Reduced Graphene Oxide and Graphite Oxide in the Aspect of Their Possible Application in Gas Sensors,3,D068,b102c67e-e167-49c6-a3cf-5c14d31d8fc1,W2738950220,Highly sensitive and rapidly responding room-temperature NO2 gas sensors based on WO3 nanorods/sulfonated graphene nanocomposites,0.6363072233213746
D067,acd6003a-13ec-4bce-87f5-cec1c79eabb3,W3009352661,Epitaxial graphene gas sensors on SiC substrate with high sensitivity,1,D057,92b288c5-a152-43a5-9faa-6d235ae9afb7,W2082723121,High sensitive quasi freestanding epitaxial graphene gas sensor on 6H-SiC,0.8552774883633889
D067,acd6003a-13ec-4bce-87f5-cec1c79eabb3,W3009352661,Epitaxial graphene gas sensors on SiC substrate with high sensitivity,2,D078,c56c60ec-74f3-44d5-83e6-f83d87b921f5,W4210343955,Ultrasensitive N-Channel Graphene Gas Sensors by Nondestructive Molecular Doping,0.805842353344215
D067,acd6003a-13ec-4bce-87f5-cec1c79eabb3,W3009352661,Epitaxial graphene gas sensors on SiC substrate with high sensitivity,3,D032,5c25b3c9-cc53-4db3-a4b2-9b9e58f70a32,W3004352145,Graphene-Based Gas Sensors with High Sensitivity and Minimal Sensor-to-Sensor Variation,0.7842185406873542
D068,b102c67e-e167-49c6-a3cf-5c14d31d8fc1,W2738950220,Highly sensitive and rapidly responding room-temperature NO2 gas sensors based on WO3 nanorods/sulfonated graphene nanocomposites,1,D046,7c4e84e8-09c5-4150-849e-7a21493a18db,W2900239789,Graphene-enhanced metal oxide gas sensors at room temperature: a review,0.8415465642029138
D068,b102c67e-e167-49c6-a3cf-5c14d31d8fc1,W2738950220,Highly sensitive and rapidly responding room-temperature NO2 gas sensors based on WO3 nanorods/sulfonated graphene nanocomposites,2,D013,218cb72e-a7df-4303-9d9e-e374b6e450d7,W2318335082,Reduced graphene oxide/ZnO nanocomposite for application in chemical gas sensors,0.8071623504746175
D068,b102c67e-e167-49c6-a3cf-5c14d31d8fc1,W2738950220,Highly sensitive and rapidly responding room-temperature NO2 gas sensors based on WO3 nanorods/sulfonated graphene nanocomposites,3,D006,0cecfdbe-d7a2-44cc-9362-c5c413dcc46d,W2088509039,A 3D scaffold for ultra-sensitive reduced graphene oxide gas sensors,0.8034565802795665
D069,b5e40c7d-735b-411c-b69b-1cb38751ddb4,W2312656922,Palladium-Decorated Hydrogen-Gas Sensors Using Periodically Aligned Graphene Nanoribbons,1,D061,99232d89-6fe1-4045-b661-0e1203a448d8,W2003522292,A Highly Sensitive Hydrogen Sensor with Gas Selectivity Using a PMMA Membrane-Coated Pd Nanoparticle/Single-Layer Graphene Hybrid,0.7243668198508044
D069,b5e40c7d-735b-411c-b69b-1cb38751ddb4,W2312656922,Palladium-Decorated Hydrogen-Gas Sensors Using Periodically Aligned Graphene Nanoribbons,2,D022,2fffa4e2-bc98-4639-a657-e9071f8d65f8,W2060512241,Adsorption of Gas Molecules on Graphene Nanoribbons and Its Implication for Nanoscale Molecule Sensor,0.6983733540965869
D069,b5e40c7d-735b-411c-b69b-1cb38751ddb4,W2312656922,Palladium-Decorated Hydrogen-Gas Sensors Using Periodically Aligned Graphene Nanoribbons,3,D091,e6844a28-6617-497a-bbdb-62545365b18d,W2169503583,Nanostructured Pt decorated graphene and multi walled carbon nanotube based room temperature hydrogen gas sensor,0.6956567336859131
D070,b652e00f-7ac8-4b37-b370-272e2482d67f,W2922177019,Laser-Induced Graphene for Flexible and Embeddable Gas Sensors,1,D094,ee5ad392-f96f-4241-b1c9-844477b87925,W4403961457,Laser-induced graphene gas sensors for environmental monitoring,0.768961952921737
D070,b652e00f-7ac8-4b37-b370-272e2482d67f,W2922177019,Laser-Induced Graphene for Flexible and Embeddable Gas Sensors,2,D068,b102c67e-e167-49c6-a3cf-5c14d31d8fc1,W2738950220,Highly sensitive and rapidly responding room-temperature NO2 gas sensors based on WO3 nanorods/sulfonated graphene nanocomposites,0.6925897107193022
D070,b652e00f-7ac8-4b37-b370-272e2482d67f,W2922177019,Laser-Induced Graphene for Flexible and Embeddable Gas Sensors,3,D015,24e7049e-e304-4bc5-b9b9-e739b7cf5f9c,W4236825273,Laser-Induced Graphene,0.6887080792436949
D071,b825539d-f4bb-4d21-a5d2-0f535b15eb49,W3008019330,Graphene-based Materials in Gas Sensor Applications: A Review,1,D013,218cb72e-a7df-4303-9d9e-e374b6e450d7,W2318335082,Reduced graphene oxide/ZnO nanocomposite for application in chemical gas sensors,0.7308472396218912
D071,b825539d-f4bb-4d21-a5d2-0f535b15eb49,W3008019330,Graphene-based Materials in Gas Sensor Applications: A Review,2,D073,be88ae5a-4cd1-4568-9792-a9d1eddb56be,W3010294696,Frontiers of graphene and 2D material-based gas sensors for environmental monitoring,0.7297067337274888
D071,b825539d-f4bb-4d21-a5d2-0f535b15eb49,W3008019330,Graphene-based Materials in Gas Sensor Applications: A Review,3,D068,b102c67e-e167-49c6-a3cf-5c14d31d8fc1,W2738950220,Highly sensitive and rapidly responding room-temperature NO2 gas sensors based on WO3 nanorods/sulfonated graphene nanocomposites,0.7247213488676849
D072,be036c92-8085-4d4a-a101-f50e7cbc28fc,W2014767715,Room-temperature high-performance acetone gas sensor based on hydrothermal synthesized SnO 2 -reduced graphene oxide hybrid composite,1,D068,b102c67e-e167-49c6-a3cf-5c14d31d8fc1,W2738950220,Highly sensitive and rapidly responding room-temperature NO2 gas sensors based on WO3 nanorods/sulfonated graphene nanocomposites,0.772852955594941
D072,be036c92-8085-4d4a-a101-f50e7cbc28fc,W2014767715,Room-temperature high-performance acetone gas sensor based on hydrothermal synthesized SnO 2 -reduced graphene oxide hybrid composite,2,D083,d8fa4f24-71ee-4b88-967c-024021e0043b,W2977677425,Ultrahigh Selective Room-Temperature Ammonia Gas Sensor Based on Tin–Titanium Dioxide/reduced Graphene/Carbon Nanotube Nanocomposites by the Solvothermal Method,0.7624521767728292
D072,be036c92-8085-4d4a-a101-f50e7cbc28fc,W2014767715,Room-temperature high-performance acetone gas sensor based on hydrothermal synthesized SnO 2 -reduced graphene oxide hybrid composite,3,D052,88e8a18b-f7b8-4366-9ffc-ffbc1655b882,W2285979304,Sensitive Room-Temperature H2S Gas Sensors Employing SnO2 Quantum Wire/Reduced Graphene Oxide Nanocomposites,0.733131776219037
D073,be88ae5a-4cd1-4568-9792-a9d1eddb56be,W3010294696,Frontiers of graphene and 2D material-based gas sensors for environmental monitoring,1,D085,dbf895b0-e07a-40a0-9dde-d2858ff63320,W3180216250,Understanding and optimization of graphene gas sensors,0.7952681709458612
D073,be88ae5a-4cd1-4568-9792-a9d1eddb56be,W3010294696,Frontiers of graphene and 2D material-based gas sensors for environmental monitoring,2,D023,3263deed-de40-4cc0-bf0f-e980647f6535,W2138183388,Biological and chemical sensors based on graphene materials,0.793968713603372
D073,be88ae5a-4cd1-4568-9792-a9d1eddb56be,W3010294696,Frontiers of graphene and 2D material-based gas sensors for environmental monitoring,3,D058,95ad40b5-46f9-4654-bdd2-96e396478d6c,W2752122312,Flexible Graphene-Based Wearable Gas and Chemical Sensors,0.7722796053240039
D074,bfcae593-3cf3-42fd-971a-5521c706cabe,W2105031224,Facile synthesis of novel 3D nanoflower-like CuxO/multilayer graphene composites for room temperature NOx gas sensor application,1,D068,b102c67e-e167-49c6-a3cf-5c14d31d8fc1,W2738950220,Highly sensitive and rapidly responding room-temperature NO2 gas sensors based on WO3 nanorods/sulfonated graphene nanocomposites,0.728885026868579
D074,bfcae593-3cf3-42fd-971a-5521c706cabe,W2105031224,Facile synthesis of novel 3D nanoflower-like CuxO/multilayer graphene composites for room temperature NOx gas sensor application,2,D089,e5e2825a-81cd-4497-8b78-a2677add0a48,W1980835470,High‐Performance NO 2 Sensors Based on Chemically Modified Graphene,0.704335262388056
D074,bfcae593-3cf3-42fd-971a-5521c706cabe,W2105031224,Facile synthesis of novel 3D nanoflower-like CuxO/multilayer graphene composites for room temperature NOx gas sensor application,3,D010,136d5083-0254-4930-a35e-88441bb802a0,W4376618059,Room-Temperature Ammonia Gas Sensor Based on Ti3C2Tx MXene/Graphene Oxide/CuO/ZnO Nanocomposite,0.6934129194617323
D075,c04f97a5-b941-4257-b74f-721faa94e982,W2161928223,Molecular Doping of Graphene,1,D060,96575fc6-1212-4cb1-889f-179dd9515854,W2284579279,Enhanced sensitivity of graphene ammonia gas sensors using molecular doping,0.783743821016207
D075,c04f97a5-b941-4257-b74f-721faa94e982,W2161928223,Molecular Doping of Graphene,2,D045,7b462286-ce94-41ea-b031-543d6aaef0f2,W1982563532,"Gas adsorption on graphene doped with B, N, Al, and S: A theoretical study",0.7681680582939181
D075,c04f97a5-b941-4257-b74f-721faa94e982,W2161928223,Molecular Doping of Graphene,3,D078,c56c60ec-74f3-44d5-83e6-f83d87b921f5,W4210343955,Ultrasensitive N-Channel Graphene Gas Sensors by Nondestructive Molecular Doping,0.7615327206941932
D076,c4a02758-57a8-4f3c-9191-6281afef84fe,W2131332085,"ZnO nanorods on reduced graphene sheets with excellent field emission, gas sensor and photocatalytic properties",1,D007,1012c1e5-ed99-4e3a-ba11-ac77cc359a2e,W1996257604,Highly aligned SnO2 nanorods on graphene sheets for gas sensors,0.6197103748389028
D076,c4a02758-57a8-4f3c-9191-6281afef84fe,W2131332085,"ZnO nanorods on reduced graphene sheets with excellent field emission, gas sensor and photocatalytic properties",2,D018,298b9ec6-547c-4544-ad9b-1d7796ef32c1,W2164878199,Reduced Graphene Oxide Conjugated Cu2O Nanowire Mesocrystals for High-Performance NO2 Gas Sensor,0.5998658991975899
D076,c4a02758-57a8-4f3c-9191-6281afef84fe,W2131332085,"ZnO nanorods on reduced graphene sheets with excellent field emission, gas sensor and photocatalytic properties",3,D034,5df9a10b-804f-4bac-accb-a23fd2e2d2e0,W1981902104,Graphene-based gas sensor: metal decoration effect and application to a flexible device,0.5958339122362721
D077,c55aaeb6-0dd1-4c6e-a62c-b0078257c9f2,W3133399150,Reduced Graphene Oxide (rGO)-Loaded Metal-Oxide Nanofiber Gas Sensors: An Overview,1,D008,10c07eba-9d0f-42a9-aeb3-911ec8ccc747,W3206995855,N-doped reduced graphene oxide for room-temperature NO gas sensors,0.7899699900096296
D077,c55aaeb6-0dd1-4c6e-a62c-b0078257c9f2,W3133399150,Reduced Graphene Oxide (rGO)-Loaded Metal-Oxide Nanofiber Gas Sensors: An Overview,2,D068,b102c67e-e167-49c6-a3cf-5c14d31d8fc1,W2738950220,Highly sensitive and rapidly responding room-temperature NO2 gas sensors based on WO3 nanorods/sulfonated graphene nanocomposites,0.7577350464611341
D077,c55aaeb6-0dd1-4c6e-a62c-b0078257c9f2,W3133399150,Reduced Graphene Oxide (rGO)-Loaded Metal-Oxide Nanofiber Gas Sensors: An Overview,3,D006,0cecfdbe-d7a2-44cc-9362-c5c413dcc46d,W2088509039,A 3D scaffold for ultra-sensitive reduced graphene oxide gas sensors,0.7477524370594755
D078,c56c60ec-74f3-44d5-83e6-f83d87b921f5,W4210343955,Ultrasensitive N-Channel Graphene Gas Sensors by Nondestructive Molecular Doping,1,D060,96575fc6-1212-4cb1-889f-179dd9515854,W2284579279,Enhanced sensitivity of graphene ammonia gas sensors using molecular doping,0.8854469609014056
D078,c56c60ec-74f3-44d5-83e6-f83d87b921f5,W4210343955,Ultrasensitive N-Channel Graphene Gas Sensors by Nondestructive Molecular Doping,2,D092,ea87c55e-72ef-439c-aa6b-7285edc49095,W1994481181,Improving gas sensing properties of graphene by introducing dopants and defects: a first-principles study,0.8134962560689663
D078,c56c60ec-74f3-44d5-83e6-f83d87b921f5,W4210343955,Ultrasensitive N-Channel Graphene Gas Sensors by Nondestructive Molecular Doping,3,D085,dbf895b0-e07a-40a0-9dde-d2858ff63320,W3180216250,Understanding and optimization of graphene gas sensors,0.8126505264438997
D079,c5dfdef7-4f8f-455d-8ef1-e24b30dd136f,W2945841863,Graphene Decorated with Silver Nanoparticles as a Low-Temperature Methane Gas Sensor,1,D027,3fb867af-6db1-45a4-8ff8-974292ac5ce1,W645444157,Graphene-Based Long-Period Fiber Grating Surface Plasmon Resonance Sensor for High-Sensitivity Gas Sensing,0.7108415131055972
D079,c5dfdef7-4f8f-455d-8ef1-e24b30dd136f,W2945841863,Graphene Decorated with Silver Nanoparticles as a Low-Temperature Methane Gas Sensor,2,D014,24b7cbea-bb3a-47fe-af0d-1447f563f093,W3129375065,A Review on Functionalized Graphene Sensors for Detection of Ammonia,0.6910929139940752
D079,c5dfdef7-4f8f-455d-8ef1-e24b30dd136f,W2945841863,Graphene Decorated with Silver Nanoparticles as a Low-Temperature Methane Gas Sensor,3,D032,5c25b3c9-cc53-4db3-a4b2-9b9e58f70a32,W3004352145,Graphene-Based Gas Sensors with High Sensitivity and Minimal Sensor-to-Sensor Variation,0.690639672810672
D080,c9984def-b7e0-46b4-a20c-b9abdb6e2c18,W2157202716,"Heteroatom-doped graphene materials: syntheses, properties and applications",1,D033,5d98bb43-ab4b-458a-86bc-0d4b88145cb7,W3026327090,Graphene-Based Hydrogen Gas Sensors: A Review,0.6580829731787201
D080,c9984def-b7e0-46b4-a20c-b9abdb6e2c18,W2157202716,"Heteroatom-doped graphene materials: syntheses, properties and applications",2,D035,5f698fb2-5265-4343-a012-0c0fb3c6e9c4,W2460838568,B–N@Graphene: Highly Sensitive and Selective Gas Sensor,0.644748440680586
D080,c9984def-b7e0-46b4-a20c-b9abdb6e2c18,W2157202716,"Heteroatom-doped graphene materials: syntheses, properties and applications",3,D092,ea87c55e-72ef-439c-aa6b-7285edc49095,W1994481181,Improving gas sensing properties of graphene by introducing dopants and defects: a first-principles study,0.6279735826726434
D081,c99f8fc3-6f01-4bf4-bc00-933bbeda27f9,W1988620898,Phosphorene as a Superior Gas Sensor: Selective Adsorption and Distinct I – V Response,1,D031,50aabd72-3718-40d0-b0e9-b145f6ec6d6d,W2972014194,Penta-Graphene as a Potential Gas Sensor for NOx Detection,0.7424469207540019
D081,c99f8fc3-6f01-4bf4-bc00-933bbeda27f9,W1988620898,Phosphorene as a Superior Gas Sensor: Selective Adsorption and Distinct I – V Response,2,D039,6f1fea7f-0d19-4f8a-99cc-842e0fa30c78,W2898341701,"2D Materials for Gas Sensing Applications: A Review on Graphene Oxide, MoS2, WS2 and Phosphorene",0.6591047636799902
D081,c99f8fc3-6f01-4bf4-bc00-933bbeda27f9,W1988620898,Phosphorene as a Superior Gas Sensor: Selective Adsorption and Distinct I – V Response,3,D075,c04f97a5-b941-4257-b74f-721faa94e982,W2161928223,Molecular Doping of Graphene,0.6562520912805978
D082,d145c9ac-f2af-4f95-a048-4bc61c873bd7,W2563624639,"A 3D Chemically Modified Graphene Hydrogel for Fast, Highly Sensitive, and Selective Gas Sensor",1,D008,10c07eba-9d0f-42a9-aeb3-911ec8ccc747,W3206995855,N-doped reduced graphene oxide for room-temperature NO gas sensors,0.8119655452529634
D082,d145c9ac-f2af-4f95-a048-4bc61c873bd7,W2563624639,"A 3D Chemically Modified Graphene Hydrogel for Fast, Highly Sensitive, and Selective Gas Sensor",2,D064,a5c41f35-df49-4f31-95dd-394405e4c276,W2038843379,Ultrafast and sensitive room temperature NH3 gas sensors based on chemically reduced graphene oxide,0.8071312810861314
D082,d145c9ac-f2af-4f95-a048-4bc61c873bd7,W2563624639,"A 3D Chemically Modified Graphene Hydrogel for Fast, Highly Sensitive, and Selective Gas Sensor",3,D012,20376efd-3954-4627-a0f9-768d09825046,W2167087575,Highly selective gas sensor arrays based on thermally reduced graphene oxide,0.7985914605421066
D083,d8fa4f24-71ee-4b88-967c-024021e0043b,W2977677425,Ultrahigh Selective Room-Temperature Ammonia Gas Sensor Based on Tin–Titanium Dioxide/reduced Graphene/Carbon Nanotube Nanocomposites by the Solvothermal Method,1,D010,136d5083-0254-4930-a35e-88441bb802a0,W4376618059,Room-Temperature Ammonia Gas Sensor Based on Ti3C2Tx MXene/Graphene Oxide/CuO/ZnO Nanocomposite,0.7934106570229071
D083,d8fa4f24-71ee-4b88-967c-024021e0043b,W2977677425,Ultrahigh Selective Room-Temperature Ammonia Gas Sensor Based on Tin–Titanium Dioxide/reduced Graphene/Carbon Nanotube Nanocomposites by the Solvothermal Method,2,D064,a5c41f35-df49-4f31-95dd-394405e4c276,W2038843379,Ultrafast and sensitive room temperature NH3 gas sensors based on chemically reduced graphene oxide,0.781765169373835
D083,d8fa4f24-71ee-4b88-967c-024021e0043b,W2977677425,Ultrahigh Selective Room-Temperature Ammonia Gas Sensor Based on Tin–Titanium Dioxide/reduced Graphene/Carbon Nanotube Nanocomposites by the Solvothermal Method,3,D052,88e8a18b-f7b8-4366-9ffc-ffbc1655b882,W2285979304,Sensitive Room-Temperature H2S Gas Sensors Employing SnO2 Quantum Wire/Reduced Graphene Oxide Nanocomposites,0.7676132720221531
D084,d9353f7c-7923-4367-bf9f-78451104b2f5,W2854295798,Research Progress of Gas Sensor Based on Graphene and Its Derivatives: A Review,1,D019,2dab9e82-5d29-40da-b093-b12b1fbde4da,W2076475450,Graphene-based gas sensors,0.8248432677053097
D084,d9353f7c-7923-4367-bf9f-78451104b2f5,W2854295798,Research Progress of Gas Sensor Based on Graphene and Its Derivatives: A Review,2,D041,70b57363-3591-4f4b-a1a9-d0f8987b6b80,W2178763567,A Review on Graphene-Based Gas/Vapor Sensors with Unique Properties and Potential Applications,0.7931215561031482
D084,d9353f7c-7923-4367-bf9f-78451104b2f5,W2854295798,Research Progress of Gas Sensor Based on Graphene and Its Derivatives: A Review,3,D085,dbf895b0-e07a-40a0-9dde-d2858ff63320,W3180216250,Understanding and optimization of graphene gas sensors,0.7711996013194056
D085,dbf895b0-e07a-40a0-9dde-d2858ff63320,W3180216250,Understanding and optimization of graphene gas sensors,1,D092,ea87c55e-72ef-439c-aa6b-7285edc49095,W1994481181,Improving gas sensing properties of graphene by introducing dopants and defects: a first-principles study,0.8436862411116655
D085,dbf895b0-e07a-40a0-9dde-d2858ff63320,W3180216250,Understanding and optimization of graphene gas sensors,2,D060,96575fc6-1212-4cb1-889f-179dd9515854,W2284579279,Enhanced sensitivity of graphene ammonia gas sensors using molecular doping,0.8315527599779149
D085,dbf895b0-e07a-40a0-9dde-d2858ff63320,W3180216250,Understanding and optimization of graphene gas sensors,3,D078,c56c60ec-74f3-44d5-83e6-f83d87b921f5,W4210343955,Ultrasensitive N-Channel Graphene Gas Sensors by Nondestructive Molecular Doping,0.8126505264438997
D086,dfbf11ae-d233-47e1-bfbf-505e8c2d0594,W1980451576,Toward Ubiquitous Environmental Gas Sensors—Capitalizing on the Promise of Graphene,1,D036,60564d96-782a-4b13-a6ba-e3cd057dbdba,W2333216006,Graphene-Based Chemical Sensors,0.8352342154774847
D086,dfbf11ae-d233-47e1-bfbf-505e8c2d0594,W1980451576,Toward Ubiquitous Environmental Gas Sensors—Capitalizing on the Promise of Graphene,2,D073,be88ae5a-4cd1-4568-9792-a9d1eddb56be,W3010294696,Frontiers of graphene and 2D material-based gas sensors for environmental monitoring,0.7507679339940677
D086,dfbf11ae-d233-47e1-bfbf-505e8c2d0594,W1980451576,Toward Ubiquitous Environmental Gas Sensors—Capitalizing on the Promise of Graphene,3,D023,3263deed-de40-4cc0-bf0f-e980647f6535,W2138183388,Biological and chemical sensors based on graphene materials,0.728858080678797
D087,e07c06f0-da13-404a-b8b9-7112202bcf57,W2031311944,Design of advanced porous graphene materials: from graphene nanomesh to 3D architectures,1,D005,0aefc3c4-7a94-4f46-a092-61c24f82eed8,W2143970475,A review of graphene and graphene oxide sponge: material synthesis and applications to energy and the environment,0.6898048497831193
D087,e07c06f0-da13-404a-b8b9-7112202bcf57,W2031311944,Design of advanced porous graphene materials: from graphene nanomesh to 3D architectures,2,D024,3a5a587d-5ddf-49b9-aa34-bd081fb0d04b,W1967752584,Porous Graphene as the Ultimate Membrane for Gas Separation,0.685340674941451
D087,e07c06f0-da13-404a-b8b9-7112202bcf57,W2031311944,Design of advanced porous graphene materials: from graphene nanomesh to 3D architectures,3,D021,2f7fb8d1-42b1-433b-9091-7d13fc6493b1,W2936896595,"Synthesis, properties, and applications of graphene oxide/reduced graphene oxide and their nanocomposites",0.648209757185472
D088,e4a11c17-4a02-4845-9887-a6d113174d38,W2335496883,Graphene Nanomesh As Highly Sensitive Chemiresistor Gas Sensor,1,D085,dbf895b0-e07a-40a0-9dde-d2858ff63320,W3180216250,Understanding and optimization of graphene gas sensors,0.7562145329754241
D088,e4a11c17-4a02-4845-9887-a6d113174d38,W2335496883,Graphene Nanomesh As Highly Sensitive Chemiresistor Gas Sensor,2,D029,4a17444d-09e0-4cad-becb-0ad9e9a95b73,W2965196630,NO2 and NH3 Sensing Characteristics of Inkjet Printing Graphene Gas Sensors,0.7453113250996535
D088,e4a11c17-4a02-4845-9887-a6d113174d38,W2335496883,Graphene Nanomesh As Highly Sensitive Chemiresistor Gas Sensor,3,D032,5c25b3c9-cc53-4db3-a4b2-9b9e58f70a32,W3004352145,Graphene-Based Gas Sensors with High Sensitivity and Minimal Sensor-to-Sensor Variation,0.7447932388613899
D089,e5e2825a-81cd-4497-8b78-a2677add0a48,W1980835470,High‐Performance NO 2 Sensors Based on Chemically Modified Graphene,1,D008,10c07eba-9d0f-42a9-aeb3-911ec8ccc747,W3206995855,N-doped reduced graphene oxide for room-temperature NO gas sensors,0.7897772788843805
D089,e5e2825a-81cd-4497-8b78-a2677add0a48,W1980835470,High‐Performance NO 2 Sensors Based on Chemically Modified Graphene,2,D082,d145c9ac-f2af-4f95-a048-4bc61c873bd7,W2563624639,"A 3D Chemically Modified Graphene Hydrogel for Fast, Highly Sensitive, and Selective Gas Sensor",0.7883554836871238
D089,e5e2825a-81cd-4497-8b78-a2677add0a48,W1980835470,High‐Performance NO 2 Sensors Based on Chemically Modified Graphene,3,D068,b102c67e-e167-49c6-a3cf-5c14d31d8fc1,W2738950220,Highly sensitive and rapidly responding room-temperature NO2 gas sensors based on WO3 nanorods/sulfonated graphene nanocomposites,0.7612438634712013
D090,e61dd295-666c-4963-bb18-eac28a02fe12,W2293999363,Free‐Standing Functionalized Graphene Oxide Solid Electrolytes in Electrochemical Gas Sensors,1,D097,f1c4d560-678f-4ead-af98-f670b31ac562,W2017626781,Highly Sensitive and Selective Gas Sensor Using Hydrophilic and Hydrophobic Graphenes,0.7002939197011243
D090,e61dd295-666c-4963-bb18-eac28a02fe12,W2293999363,Free‐Standing Functionalized Graphene Oxide Solid Electrolytes in Electrochemical Gas Sensors,2,D012,20376efd-3954-4627-a0f9-768d09825046,W2167087575,Highly selective gas sensor arrays based on thermally reduced graphene oxide,0.6981751970342979
D090,e61dd295-666c-4963-bb18-eac28a02fe12,W2293999363,Free‐Standing Functionalized Graphene Oxide Solid Electrolytes in Electrochemical Gas Sensors,3,D023,3263deed-de40-4cc0-bf0f-e980647f6535,W2138183388,Biological and chemical sensors based on graphene materials,0.6781552275588362
D091,e6844a28-6617-497a-bbdb-62545365b18d,W2169503583,Nanostructured Pt decorated graphene and multi walled carbon nanotube based room temperature hydrogen gas sensor,1,D033,5d98bb43-ab4b-458a-86bc-0d4b88145cb7,W3026327090,Graphene-Based Hydrogen Gas Sensors: A Review,0.7706310005053336
D091,e6844a28-6617-497a-bbdb-62545365b18d,W2169503583,Nanostructured Pt decorated graphene and multi walled carbon nanotube based room temperature hydrogen gas sensor,2,D025,3c6c7dee-038f-4e1a-a3be-1f829a96ebdd,W1919056245,Hydrogen gas sensor based on metal oxide nanoparticles decorated graphene transistor,0.7373679005861395
D091,e6844a28-6617-497a-bbdb-62545365b18d,W2169503583,Nanostructured Pt decorated graphene and multi walled carbon nanotube based room temperature hydrogen gas sensor,3,D052,88e8a18b-f7b8-4366-9ffc-ffbc1655b882,W2285979304,Sensitive Room-Temperature H2S Gas Sensors Employing SnO2 Quantum Wire/Reduced Graphene Oxide Nanocomposites,0.7146802469361575
D092,ea87c55e-72ef-439c-aa6b-7285edc49095,W1994481181,Improving gas sensing properties of graphene by introducing dopants and defects: a first-principles study,1,D035,5f698fb2-5265-4343-a012-0c0fb3c6e9c4,W2460838568,B–N@Graphene: Highly Sensitive and Selective Gas Sensor,0.8814598020780382
D092,ea87c55e-72ef-439c-aa6b-7285edc49095,W1994481181,Improving gas sensing properties of graphene by introducing dopants and defects: a first-principles study,2,D085,dbf895b0-e07a-40a0-9dde-d2858ff63320,W3180216250,Understanding and optimization of graphene gas sensors,0.8436862411116655
D092,ea87c55e-72ef-439c-aa6b-7285edc49095,W1994481181,Improving gas sensing properties of graphene by introducing dopants and defects: a first-principles study,3,D060,96575fc6-1212-4cb1-889f-179dd9515854,W2284579279,Enhanced sensitivity of graphene ammonia gas sensors using molecular doping,0.841739050959236
D093,ed63ad4b-96aa-4ba5-a8fa-581f76e5723d,W2790839816,Optical Graphene Gas Sensors Based on Microfibers: A Review,1,D084,d9353f7c-7923-4367-bf9f-78451104b2f5,W2854295798,Research Progress of Gas Sensor Based on Graphene and Its Derivatives: A Review,0.7509011637807331
D093,ed63ad4b-96aa-4ba5-a8fa-581f76e5723d,W2790839816,Optical Graphene Gas Sensors Based on Microfibers: A Review,2,D019,2dab9e82-5d29-40da-b093-b12b1fbde4da,W2076475450,Graphene-based gas sensors,0.747293069197594
D093,ed63ad4b-96aa-4ba5-a8fa-581f76e5723d,W2790839816,Optical Graphene Gas Sensors Based on Microfibers: A Review,3,D023,3263deed-de40-4cc0-bf0f-e980647f6535,W2138183388,Biological and chemical sensors based on graphene materials,0.7193754589045956
D094,ee5ad392-f96f-4241-b1c9-844477b87925,W4403961457,Laser-induced graphene gas sensors for environmental monitoring,1,D070,b652e00f-7ac8-4b37-b370-272e2482d67f,W2922177019,Laser-Induced Graphene for Flexible and Embeddable Gas Sensors,0.768961952921737
D094,ee5ad392-f96f-4241-b1c9-844477b87925,W4403961457,Laser-induced graphene gas sensors for environmental monitoring,2,D003,06066c66-1454-4813-b7b7-f366b9956035,W4284897849,"Moisture-resistant, stretchable NOx gas sensors based on laser-induced graphene for environmental monitoring and breath analysis",0.6901100372444682
D094,ee5ad392-f96f-4241-b1c9-844477b87925,W4403961457,Laser-induced graphene gas sensors for environmental monitoring,3,D015,24e7049e-e304-4bc5-b9b9-e739b7cf5f9c,W4236825273,Laser-Induced Graphene,0.6763886824776771
D095,ef6d522b-b248-4438-abae-289b176b9968,W1997462942,High Sensitivity Gas Detection Using a Macroscopic Three-Dimensional Graphene Foam Network,1,D100,fd94b094-5144-4e96-acd5-de555c2bb84a,W1999206703,Flexible and Transparent Gas Molecule Sensor Integrated with Sensing and Heating Graphene Layers,0.7127656209854085
D095,ef6d522b-b248-4438-abae-289b176b9968,W1997462942,High Sensitivity Gas Detection Using a Macroscopic Three-Dimensional Graphene Foam Network,2,D068,b102c67e-e167-49c6-a3cf-5c14d31d8fc1,W2738950220,Highly sensitive and rapidly responding room-temperature NO2 gas sensors based on WO3 nanorods/sulfonated graphene nanocomposites,0.6952195459373672
D095,ef6d522b-b248-4438-abae-289b176b9968,W1997462942,High Sensitivity Gas Detection Using a Macroscopic Three-Dimensional Graphene Foam Network,3,D014,24b7cbea-bb3a-47fe-af0d-1447f563f093,W3129375065,A Review on Functionalized Graphene Sensors for Detection of Ammonia,0.6908753102629268
D096,f13d2b75-dc3f-474d-975b-894e77fc79d4,W3016456929,Progress in the functional modification of graphene/graphene oxide: a review,1,D005,0aefc3c4-7a94-4f46-a092-61c24f82eed8,W2143970475,A review of graphene and graphene oxide sponge: material synthesis and applications to energy and the environment,0.6235905485960852
D096,f13d2b75-dc3f-474d-975b-894e77fc79d4,W3016456929,Progress in the functional modification of graphene/graphene oxide: a review,2,D021,2f7fb8d1-42b1-433b-9091-7d13fc6493b1,W2936896595,"Synthesis, properties, and applications of graphene oxide/reduced graphene oxide and their nanocomposites",0.6120550530560066
D096,f13d2b75-dc3f-474d-975b-894e77fc79d4,W3016456929,Progress in the functional modification of graphene/graphene oxide: a review,3,D034,5df9a10b-804f-4bac-accb-a23fd2e2d2e0,W1981902104,Graphene-based gas sensor: metal decoration effect and application to a flexible device,0.6023569623086396
D097,f1c4d560-678f-4ead-af98-f670b31ac562,W2017626781,Highly Sensitive and Selective Gas Sensor Using Hydrophilic and Hydrophobic Graphenes,1,D012,20376efd-3954-4627-a0f9-768d09825046,W2167087575,Highly selective gas sensor arrays based on thermally reduced graphene oxide,0.7733594375077144
D097,f1c4d560-678f-4ead-af98-f670b31ac562,W2017626781,Highly Sensitive and Selective Gas Sensor Using Hydrophilic and Hydrophobic Graphenes,2,D082,d145c9ac-f2af-4f95-a048-4bc61c873bd7,W2563624639,"A 3D Chemically Modified Graphene Hydrogel for Fast, Highly Sensitive, and Selective Gas Sensor",0.7611700919118223
D097,f1c4d560-678f-4ead-af98-f670b31ac562,W2017626781,Highly Sensitive and Selective Gas Sensor Using Hydrophilic and Hydrophobic Graphenes,3,D068,b102c67e-e167-49c6-a3cf-5c14d31d8fc1,W2738950220,Highly sensitive and rapidly responding room-temperature NO2 gas sensors based on WO3 nanorods/sulfonated graphene nanocomposites,0.7494251753464014
D098,f788f5fa-e284-4d65-8241-8210291c488c,W2074378463,In Situ Polymerization Deposition of Porous Conducting Polymer on Reduced Graphene Oxide for Gas Sensor,1,D068,b102c67e-e167-49c6-a3cf-5c14d31d8fc1,W2738950220,Highly sensitive and rapidly responding room-temperature NO2 gas sensors based on WO3 nanorods/sulfonated graphene nanocomposites,0.7355899207764673
D098,f788f5fa-e284-4d65-8241-8210291c488c,W2074378463,In Situ Polymerization Deposition of Porous Conducting Polymer on Reduced Graphene Oxide for Gas Sensor,2,D082,d145c9ac-f2af-4f95-a048-4bc61c873bd7,W2563624639,"A 3D Chemically Modified Graphene Hydrogel for Fast, Highly Sensitive, and Selective Gas Sensor",0.7339664843999804
D098,f788f5fa-e284-4d65-8241-8210291c488c,W2074378463,In Situ Polymerization Deposition of Porous Conducting Polymer on Reduced Graphene Oxide for Gas Sensor,3,D008,10c07eba-9d0f-42a9-aeb3-911ec8ccc747,W3206995855,N-doped reduced graphene oxide for room-temperature NO gas sensors,0.7316536349822228
D099,f7baaf79-a130-4329-9f84-6d80e77835a2,W2008068390,Graphene/mica based ammonia gas sensors,1,D014,24b7cbea-bb3a-47fe-af0d-1447f563f093,W3129375065,A Review on Functionalized Graphene Sensors for Detection of Ammonia,0.8157146059592747
D099,f7baaf79-a130-4329-9f84-6d80e77835a2,W2008068390,Graphene/mica based ammonia gas sensors,2,D060,96575fc6-1212-4cb1-889f-179dd9515854,W2284579279,Enhanced sensitivity of graphene ammonia gas sensors using molecular doping,0.8043141488469951
D099,f7baaf79-a130-4329-9f84-6d80e77835a2,W2008068390,Graphene/mica based ammonia gas sensors,3,D078,c56c60ec-74f3-44d5-83e6-f83d87b921f5,W4210343955,Ultrasensitive N-Channel Graphene Gas Sensors by Nondestructive Molecular Doping,0.8016037077542932
D100,fd94b094-5144-4e96-acd5-de555c2bb84a,W1999206703,Flexible and Transparent Gas Molecule Sensor Integrated with Sensing and Heating Graphene Layers,1,D011,156b15bb-dbd9-4d9d-a871-3c46ae7d5515,W1276751773,Self-Activated Transparent All-Graphene Gas Sensor with Endurance to Humidity and Mechanical Bending,0.8019274701327058
D100,fd94b094-5144-4e96-acd5-de555c2bb84a,W1999206703,Flexible and Transparent Gas Molecule Sensor Integrated with Sensing and Heating Graphene Layers,2,D025,3c6c7dee-038f-4e1a-a3be-1f829a96ebdd,W1919056245,Hydrogen gas sensor based on metal oxide nanoparticles decorated graphene transistor,0.7675340679638396
D100,fd94b094-5144-4e96-acd5-de555c2bb84a,W1999206703,Flexible and Transparent Gas Molecule Sensor Integrated with Sensing and Heating Graphene Layers,3,D032,5c25b3c9-cc53-4db3-a4b2-9b9e58f70a32,W3004352145,Graphene-Based Gas Sensors with High Sensitivity and Minimal Sensor-to-Sensor Variation,0.7652590640633745
