doc_no,document_id,revision_id,external_id,title,primary_cluster,cluster_name,rationale,secondary_concepts,assignment_confidence,evidence_chunk_ids
D001,00f9cfc7-459f-4c4d-8131-b425d01527dc,7664effe-8f20-46e8-b694-224b75bea829,W2978128942,"Reduced Graphene Oxide/Mesoporous ZnO NSs Hybrid Fibers for Flexible, Stretchable, Twisted, and Wearable NO2 E-Textile Gas Sensor",C02,"Flexible, wearable and integrated gas-sensor devices","Cotton/elastic-thread rGO/ZnO fibers are designed as washable, stretchable textile NO2 sensors.",e-textiles;NO2;ZnO;rGO;washability;repairability,high,6319af2d-0fe1-4daa-87c6-131c379a75c9;e9796bf6-68c8-440f-a814-ca185157cce3
D002,0552620e-65ac-43c4-93c4-09b464cf9ade,82af9dbd-3513-4ab5-a3c5-5b3744bce6f4,W2342427247,"Wearable, wireless gas sensors using highly stretchable and transparent structures of nanowires and graphene",C02,"Flexible, wearable and integrated gas-sensor devices","Ag-nanowire/graphene sensing structures emphasize stretchability, transparency and Bluetooth/inductive wireless integration.",wireless;Ag nanowires;transparent;stretchable;IoT,high,fb382821-bd8e-402c-97fb-57311552a4c5
D003,06066c66-1454-4813-b7b7-f366b9956035,7af46631-a38f-430d-a43c-bcfa0dccac9e,W4284897849,"Moisture-resistant, stretchable NOx gas sensors based on laser-induced graphene for environmental monitoring and breath analysis",C02,"Flexible, wearable and integrated gas-sensor devices",Encapsulated laser-induced graphene with serpentine electrodes is demonstrated as a moisture-resistant stretchable NOx sensor.,LIG;NOx;breath analysis;humidity barrier;serpentine electrodes,high,0ad16539-951a-4c6a-95df-0d92179b23eb;45f36916-7688-4edb-8dd1-2ac50ea13339
D004,08d58bd1-a89e-4b70-b817-821df8428bc7,5afc0eeb-3c76-40cf-99be-e70f066beb2b,W2748866382,Microwave-Assisted Synthesis of Graphene–SnO2 Nanocomposites and Their Applications in Gas Sensors,C01,Metal-oxide / graphene hybrids for gas sensing,Microwave treatment forms graphene/SnO2 hybrids with SnOx particles and junctions for selective NO2 detection.,NO2;microwave;SnO2;SnOx;heterojunctions,high,1314b88d-a703-48b5-bb03-e426d5474034;eb47e91a-4c35-4de7-96a3-f141eea0a6cf
D005,0aefc3c4-7a94-4f46-a092-61c24f82eed8,318c0a03-c4e1-4c52-961a-c393650de4f4,W2143970475,A review of graphene and graphene oxide sponge: material synthesis and applications to energy and the environment,C10,"Graphene material synthesis, functionalization and broad applications","Review covers synthesis and properties of graphene/GO sponges with energy, sorption and environmental applications.",graphene sponge;energy storage;adsorption;electrochemical sensors;review,high,496eab91-ffa7-4e93-9be0-dba1a282191a
D006,0cecfdbe-d7a2-44cc-9362-c5c413dcc46d,2f6a6fdf-bbeb-4dad-b8af-aff70b289f04,W2088509039,A 3D scaffold for ultra-sensitive reduced graphene oxide gas sensors,C04,"Graphene gas sensing through 3D, patterned and array architectures",Electrospinning and GO wrapping create an rGO nanofiber mat/3D scaffold for NO2 sensing.,NO2;nanofiber mat;electrospinning;3D scaffold,high,362460ac-f25d-4cfd-9621-e7a528b4aab7
D007,1012c1e5-ed99-4e3a-ba11-ac77cc359a2e,4c1cdf8f-ad84-4b9d-982a-16a4d7e18614,W1996257604,Highly aligned SnO2 nanorods on graphene sheets for gas sensors,C01,Metal-oxide / graphene hybrids for gas sensing,"Seed-directed hydrothermal SnO2 nanorod arrays on graphene improve gas sensing, particularly H2S.",SnO2;nanorod arrays;H2S;hydrothermal;3D structure,high,1ce31794-9d58-4bca-8273-6b571cf081a0
D008,10c07eba-9d0f-42a9-aeb3-911ec8ccc747,37b1b69d-6826-4cd7-bf1d-37866d6fbb5e,W3206995855,N-doped reduced graphene oxide for room-temperature NO gas sensors,C03,"Electronic gas sensors: reduction, doping, interfaces and film processing",Nitrogen doping changes rGO morphology and carrier type and improves room-temperature NO sensing.,N doping;NO;room temperature;rGO;folded sheets,high,3f2d39d3-d5c4-4089-92c3-86438ce93d35
D009,1217ad37-8d52-447f-bf53-7b61ce059613,ac2f4dad-e009-4ae8-bc00-9be1146d8c53,W2056355037,Graphene Oxide Dispersions in Organic Solvents,C10,"Graphene material synthesis, functionalization and broad applications",Experimental sonication/exfoliation and stability of GO dispersions in organic solvents concern processing rather than sensor devices.,dispersion;organic solvents;GO;sonication;exfoliation,high,c2f19b4c-43c8-4b1b-8c8b-bf7244e46e76
D010,136d5083-0254-4930-a35e-88441bb802a0,fbd87a44-35d0-4f51-80d6-39abd117d01f,W4376618059,Room-Temperature Ammonia Gas Sensor Based on Ti3C2Tx MXene/Graphene Oxide/CuO/ZnO Nanocomposite,C01,Metal-oxide / graphene hybrids for gas sensing,"A composition study combines Ti3C2Tx MXene, GO, CuO and ZnO for room-temperature selective NH3 sensing.",NH3;MXene;CuO;ZnO;heterojunctions,high,510e3540-e579-4536-a4ea-dae9b47eb024;761f757f-5005-4417-bf90-f2c5200f7600
D011,156b15bb-dbd9-4d9d-a871-3c46ae7d5515,978dce12-735d-431e-be83-362972cddcd6,W1276751773,Self-Activated Transparent All-Graphene Gas Sensor with Endurance to Humidity and Mechanical Bending,C02,"Flexible, wearable and integrated gas-sensor devices","An all-graphene device emphasizes self-activated NO2 sensing, transparency, bending and humidity tolerance.",NO2;all graphene;humidity;flexible;self-activated,high,658c581f-b972-4500-83fb-0c881a212867
D012,20376efd-3954-4627-a0f9-768d09825046,be9897e9-7b62-459c-9361-82a519e24f68,W2167087575,Highly selective gas sensor arrays based on thermally reduced graphene oxide,C04,"Graphene gas sensing through 3D, patterned and array architectures","An rGO sensor array uses differing film responses to discriminate methanol, ethanol and isopropanol.",sensor arrays;selectivity;alcohols;rGO,high,b3a3302f-238c-403f-ba93-37727ed82718
D013,218cb72e-a7df-4303-9d9e-e374b6e450d7,a788c29f-8809-4836-9e4d-d4cbe74f0c13,W2318335082,Reduced graphene oxide/ZnO nanocomposite for application in chemical gas sensors,C01,Metal-oxide / graphene hybrids for gas sensing,The stored sentence identifies improved gas sensing from graphene/metal-oxide coupling; the title supplies the rGO/ZnO material cue.,sparse abstract;rGO;ZnO;metal-oxide hybrids,medium,c0fd9d14-3ff1-4e78-9188-d3040f5ddaba
D014,24b7cbea-bb3a-47fe-af0d-1447f563f093,2005f4f6-3d6b-4b2e-a20e-587db77fde24,W3129375065,A Review on Functionalized Graphene Sensors for Detection of Ammonia,C08,"Reviews of gas-sensor materials, fabrication and deployment",Review focuses on functionalized graphene materials and mechanisms for room-temperature ammonia detection.,review;NH3;functionalization;metal oxides;polymers,high,11127def-3116-4ee3-98d4-17368bbf509b
D015,24e7049e-e304-4bc5-b9b9-e739b7cf5f9c,a0544012-5453-49f4-9d27-7103b0e838a6,W4236825273,Laser-Induced Graphene,C10,"Graphene material synthesis, functionalization and broad applications","An Account describes making LIG from polyimide, controlling morphology/surface properties and broad energy/environmental uses.",review;LIG;porous graphene;laser writing;polyimide;energy,high,2ad58ace-4479-492d-ac10-c8df6c9e6078;1fdd75be-d919-4382-a4b9-3aea08c36aa6;a81deea3-0d4c-41cc-81ae-59c5c187f58a
D016,28108c5f-75cb-438f-8c84-cadc991d9eb5,277693c5-74b7-41e5-b55e-37a5bf269dc2,W2095429697,Adsorption of gas molecules on transition metal embedded graphene: a search for high-performance graphene-based catalysts and gas sensors,C07,"Gas adsorption and sensing: first-principles, transport and molecular mechanisms","DFT compares adsorption, charge transfer and magnetic properties of gases on transition-metal-embedded graphene.",DFT;transition metals;adsorption;catalysis;spintronics,high,976168fd-714d-4333-bbb6-bbc987526b18
D017,2860ed7f-a2a8-4e76-9250-e3558d092f23,d80633dc-c57a-4253-8754-29c9366084f5,W2616686898,Gas sensing in 2D materials,C08,"Reviews of gas-sensor materials, fabrication and deployment",Review surveys gas-sensing mechanisms/devices across graphene and other layered inorganic 2D materials.,review;2D materials;gas-sensing mechanisms;phosphorene;TMD,high,52c7bac2-feff-4316-934f-2726c4842540;60c46884-0b00-408c-a0d7-693eeae8beca
D018,298b9ec6-547c-4544-ad9b-1d7796ef32c1,c3e96320-21ac-4704-a4fb-19af06571af0,W2164878199,Reduced Graphene Oxide Conjugated Cu2O Nanowire Mesocrystals for High-Performance NO2 Gas Sensor,C01,Metal-oxide / graphene hybrids for gas sensing,Hydrothermal crystallization forms rGO/Cu2O nanowire mesocrystal frameworks with improved NO2 sensitivity.,Cu2O;NO2;mesocrystals;hydrothermal;3D framework,high,6b6b66f9-d41f-4669-95f2-f8ed58d4693b;2f4dc259-06bf-47d1-b373-54df2cb8b173
D019,2dab9e82-5d29-40da-b093-b12b1fbde4da,c3cd4135-33ed-473f-a24d-9c3bf736b0e9,W2076475450,Graphene-based gas sensors,C08,"Reviews of gas-sensor materials, fabrication and deployment","A feature article reviews sensing-layer synthesis, defects/morphology and device configurations rather than one sensor design.",review;graphene;defects;morphology;device configurations,high,2e3a3440-5c24-4e15-a7ec-de5cf70afa5c
D020,2ebddf68-fb9c-46be-873c-9d7e19b32af5,4cecca96-6807-47e2-9ca0-97769864eb1e,W2053573257,Temperature and thickness dependence of the sensitivity of nitrogen dioxide graphene gas sensors modified by atomic layer deposited zinc oxide films,C01,Metal-oxide / graphene hybrids for gas sensing,CVD graphene modified by ALD ZnO films is studied for NO2 sensitivity versus film thickness and temperature.,NO2;ZnO;ALD;CVD;film thickness,high,e31c5401-4339-43f7-8259-935af544da86
D021,2f7fb8d1-42b1-433b-9091-7d13fc6493b1,48ba5b53-f32b-43a8-ae85-ea7232a2975d,W2936896595,"Synthesis, properties, and applications of graphene oxide/reduced graphene oxide and their nanocomposites",C10,"Graphene material synthesis, functionalization and broad applications","Review discusses GO/rGO synthesis-property relationships and nanocomposite applications in separation, coatings and storage.",review;GO;rGO;nanocomposites;separation;anti-corrosion;energy storage,high,e378bcd8-f914-452b-9322-618de37cb28c
D022,2fffa4e2-bc98-4639-a657-e9071f8d65f8,a3e894f8-6038-4f34-afcd-abd0dac7afa5,W2060512241,Adsorption of Gas Molecules on Graphene Nanoribbons and Its Implication for Nanoscale Molecule Sensor,C07,"Gas adsorption and sensing: first-principles, transport and molecular mechanisms",First-principles and quantum-transport calculations study gas adsorption and NH3 selectivity of graphene nanoribbons.,DFT;nanoribbons;NH3;quantum transport;armchair edges,high,f9160e9b-449d-4e44-a678-07fc9517d6bf
D023,3263deed-de40-4cc0-bf0f-e980647f6535,59a10538-663c-4715-b18e-1868af20a2e4,W2138183388,Biological and chemical sensors based on graphene materials,C12,Biological and chemical sensors across multiple sensing modalities,"Review spans electrochemical, electronic, optical and nanopore graphene sensors for biological/chemical detection.",review;biosensors;electrochemical;optical;nanopores,high,e1c0cbfd-ed9b-4abe-8b86-a4065a5fa15f
D024,3a5a587d-5ddf-49b9-aa34-bd081fb0d04b,95f3f5a0-077c-4f5d-859f-37fc344f12f0,W1967752584,Porous Graphene as the Ultimate Membrane for Gas Separation,C13,Porous graphene membranes for gas separation,"DFT-designed subnanometer pores in graphene are proposed as H2/CH4 separation membranes, with sensors only an application aside.",gas separation;membrane;nanopores;DFT;H2;CH4,high,8c66a2f4-bc1a-4135-b4ed-059f62c24390;6a14ebc5-5021-4e98-9eda-0b99d7267b5c
D025,3c6c7dee-038f-4e1a-a3be-1f829a96ebdd,2376d87c-359e-427e-8d73-2eaf5638baf9,W1919056245,Hydrogen gas sensor based on metal oxide nanoparticles decorated graphene transistor,C01,Metal-oxide / graphene hybrids for gas sensing,"SnO2 nanoparticle-decorated graphene transistors are tested as fast, selective hydrogen sensors.",H2;SnO2;transistor;charge transfer;band alignment,high,9644c802-76bc-4447-9648-8252e609a52a
D026,3df9cd7a-940f-400e-b03a-a72459a5558f,3ed28d1a-4b30-4ea4-bf03-3a69308fb8ba,W2785184816,Metallic Ti3C2T x MXene Gas Sensors with Ultrahigh Signal-to-Noise Ratio,C09,Metallic MXene gas-sensing channels,The main material is metallic Ti3C2Tx MXene; low noise and functionalized channels enable ppb-level VOC sensing.,MXene;Ti3C2Tx;VOCs;signal-to-noise;metallic channel,high,5a1139f9-9bf1-4665-96e1-c15a6477ded6
D027,3fb867af-6db1-45a4-8ff8-974292ac5ce1,bda6c71e-512c-46fd-9870-2c12c09cc7fd,W645444157,Graphene-Based Long-Period Fiber Grating Surface Plasmon Resonance Sensor for High-Sensitivity Gas Sensing,C06,Optical and electrochemical gas-sensor mechanisms,An Ag-coated fiber-grating SPR device adds graphene to enhance methane optical sensitivity.,optical;SPR;fiber grating;CH4;Ag film,high,abe59afd-f7d5-4997-9631-bfa9b52dac99
D028,4321f854-bd6e-4799-a118-a50733440314,e4ba7be0-b5d7-4fd4-b42f-918fa6ac55cc,W3135157331,Recent Developments in Graphene-Based Toxic Gas Sensors: A Theoretical Overview,C07,"Gas adsorption and sensing: first-principles, transport and molecular mechanisms","Review specifically analyzes first-principles toxic-gas sensing on doped, defective and metal-decorated graphene.",review;DFT;NOx;SOx;CO;dopants;defects,high,b75fa64e-72ef-4631-9c5d-5a57f888340d;563b8247-88d1-4b46-bf68-256f71504dd4
D029,4a17444d-09e0-4cad-becb-0ad9e9a95b73,94abe07d-65fd-4ac6-96c3-0c65e777ed09,W2965196630,NO2 and NH3 Sensing Characteristics of Inkjet Printing Graphene Gas Sensors,C03,"Electronic gas sensors: reduction, doping, interfaces and film processing","Inkjet-printed graphene chemiresistors are optimized through ink concentration, film thickness and homogeneity.",inkjet;NO2;NH3;humidity;film thickness;chemiresistor,high,28d1c15e-e2d5-41b9-96f3-dfb222eb27f1
D030,4b75c865-01cf-4348-ae21-baf91df52a12,a2a3fa69-33ab-4736-8977-7ec9ffa56161,W2343956044,Flexible Transparent Reduced Graphene Oxide Sensor Coupled with Organic Dye Molecules for Rapid Dual‐Mode Ammonia Gas Detection,C02,"Flexible, wearable and integrated gas-sensor devices",An rGO/bromophenol-blue device combines transparency/flexibility with electrical and colorimetric NH3 detection.,NH3;organic dye;dual mode;flexible;transparent;humidity,high,c0d11519-53e9-455f-aa55-8341454c62c7
D031,50aabd72-3718-40d0-b0e9-b145f6ec6d6d,706c5cc2-2e33-4c61-b54c-701b27dd1ad3,W2972014194,Penta-Graphene as a Potential Gas Sensor for NOx Detection,C07,"Gas adsorption and sensing: first-principles, transport and molecular mechanisms",First-principles and NEGF calculations predict NOx adsorption and current suppression on monolayer penta-graphene.,penta-graphene;DFT;NEGF;NOx;I-V response,high,e36e6a8b-4a75-47fc-add7-274436189bc7;b6926122-72a1-46e6-bab6-5dcb59f6cee8
D032,5c25b3c9-cc53-4db3-a4b2-9b9e58f70a32,317c8633-5eab-4577-a1fd-ce89952f6b52,W3004352145,Graphene-Based Gas Sensors with High Sensitivity and Minimal Sensor-to-Sensor Variation,C03,"Electronic gas sensors: reduction, doping, interfaces and film processing","CVD cooldown and PMMA-removal protocols address sensor uniformity and DMMP response, with surface cleaning improving sensitivity.",CVD;PMMA;uniformity;DMMP;annealing;noise,high,1f5244bb-ab96-40bc-961b-c15bb6c2c01d;dc871996-98dd-4298-823a-f2221378b9f5
D033,5d98bb43-ab4b-458a-86bc-0d4b88145cb7,3f586c97-2888-4aeb-b9db-05d15348b6ad,W3026327090,Graphene-Based Hydrogen Gas Sensors: A Review,C08,"Reviews of gas-sensor materials, fabrication and deployment",Review compares graphene modification and manufacturing routes specifically for hydrogen sensors.,review;H2;doping;metal decoration;polymers;3D structures,high,dbdaf239-fba9-4211-b227-4b8b4c6c783d
D034,5df9a10b-804f-4bac-accb-a23fd2e2d2e0,970b47f4-9c95-467c-a4b1-e91d96b6f10a,W1981902104,Graphene-based gas sensor: metal decoration effect and application to a flexible device,C02,"Flexible, wearable and integrated gas-sensor devices",The one stored sentence describes metal nanoparticles modulating graphene sensing; the title additionally names a flexible-device application.,sparse abstract;metal decoration;flexible devices,medium,62c66b5d-75c5-457c-98b6-34a78e0ae054
D035,5f698fb2-5265-4343-a012-0c0fb3c6e9c4,6612f9ab-0007-4924-a4da-dc7e0bafdba3,W2460838568,B–N@Graphene: Highly Sensitive and Selective Gas Sensor,C07,"Gas adsorption and sensing: first-principles, transport and molecular mechanisms","DFT compares pure, B-, N- and B/N-codoped graphene for CO/CO2/NO/NO2 adsorption and electronic sensing.",DFT;B/N codoping;CO;CO2;NOx;adsorption,high,4f0f0e24-163f-4d49-a509-72a2393efd6a
D036,60564d96-782a-4b13-a6ba-e3cd057dbdba,0f0d8193-80c3-4ff0-8744-8bbea0631dbd,W2333216006,Graphene-Based Chemical Sensors,C08,"Reviews of gas-sensor materials, fabrication and deployment",Review discusses graphene/derivative gas detection and challenges for commercially viable chemical sensors.,review;graphene derivatives;commercialization;gas detection,high,77eef711-98b5-4741-a66c-98503fbbd396
D037,64a8690b-db4c-44ec-bd4a-926f3afabbb1,1c9d5fc9-f67c-4547-b50c-0e2b27e0cec3,W2031873156,Graphene sheets decorated with SnO2 nanoparticles: in situ synthesis and highly efficient materials for cataluminescence gas sensors,C06,Optical and electrochemical gas-sensor mechanisms,"SnO2/graphene is used for cataluminescence from propanal oxidation, a distinct optical transduction mechanism.",cataluminescence;propanal;SnO2;hydrothermal;VOCs,high,62190702-83b3-4b9b-88a5-f6ef92f30f8d
D038,6a675d0d-8256-4c8f-b2ae-7c95c1bcabf8,b6535766-c337-4abd-9925-8381f0acc7fa,W2799657301,3D Architectured Graphene/Metal Oxide Hybrids for Gas Sensors: A Review,C08,"Reviews of gas-sensor materials, fabrication and deployment",Review focuses on synthesis/assembly and sensing performance of 3D graphene/metal-oxide architectures.,review;3D structure;metal oxides;SnO2;ZnO;WO3,high,fb767df1-8f61-4334-89e7-29c1cdcf5364
D039,6f1fea7f-0d19-4f8a-99cc-842e0fa30c78,6d22a88c-34c3-4c67-b9e5-6b697942e922,W2898341701,"2D Materials for Gas Sensing Applications: A Review on Graphene Oxide, MoS2, WS2 and Phosphorene",C08,"Reviews of gas-sensor materials, fabrication and deployment","Review compares GO, MoS2, WS2 and phosphorene in conductometric, capacitive and optical gas sensors.",review;2D materials;GO;MoS2;WS2;phosphorene,high,f69033d8-3861-45bc-a9a7-89d2b147c41c;45a2c76d-a2f1-4957-8c10-9e15a50f7bc9
D040,704d0fb4-dc04-4a88-ab73-ab9204758f98,6af55266-4d07-48b0-8540-e27c75e2b857,W2144690954,Ammonia gas sensors based on chemically reduced graphene oxide sheets self-assembled on Au electrodes,C03,"Electronic gas sensors: reduction, doping, interfaces and film processing",Electrostatic self-assembly on modified Au electrodes and hydrazine/pyrrole reduction produce rGO ammonia-sensing networks.,NH3;Au electrodes;self-assembly;pyrrole;hydrazine;rGO,high,6d47eced-5f01-430f-ad40-e3712888465c;48dfe6c5-1997-429f-adc2-1a637fa0d938
D041,70b57363-3591-4f4b-a1a9-d0f8987b6b80,6157efd9-fab8-401a-8da8-229bdcd8932f,W2178763567,A Review on Graphene-Based Gas/Vapor Sensors with Unique Properties and Potential Applications,C08,"Reviews of gas-sensor materials, fabrication and deployment","Review covers graphene gas/vapor preparation, sensing properties, detection mechanisms and proposed improvements.",review;gas/vapor;hybrids;sensor arrays;recognition algorithms,high,dc02a151-981a-4232-b9d1-78a72a0f23b0
D042,75f1a531-496e-44ff-9a26-97fd0b24dd90,fd3e8337-cb3f-46ee-b7d1-13ced4632d36,W3080164955,Pt-doped armchair graphene nanoribbon as a promising gas sensor for CO and CO2: DFT study,C07,"Gas adsorption and sensing: first-principles, transport and molecular mechanisms",DFT examines passivated/Pt-doped armchair graphene nanoribbons for CO/CO2 adsorption and electronic signatures.,DFT;Pt doping;nanoribbons;CO;CO2;passivation,high,14dc13ed-82ff-4e60-afb9-cf5948a983fc;75b4b1e7-248b-4be4-a085-24624b89a1ef
D043,7ab3543e-3bdf-4320-880f-3590b26aa4b6,9330498b-5550-4f2b-b796-2f0eacea64dd,W3109385342,"Semiconductor Gas Sensors: Materials, Technology, Design, and Application",C08,"Reviews of gas-sensor materials, fabrication and deployment","Overview compares semiconductor sensor materials and technology, from metal oxides/polymers/CNTs to 2D materials.",review;semiconductor sensors;metal oxides;polymers;CNT;breath sensing,high,2061763d-b4f9-47e4-9560-4b654f81c4c8;44e50527-f48d-444f-8281-2f026f43ac50
D044,7b42a401-891b-48e3-a681-bd9e3f5fd8cb,907f570d-654d-4d97-8f4c-612c2ed84989,W2407642170,Hierarchical graphene–polyaniline nanocomposite films for high-performance flexible electronic gas sensors,C02,"Flexible, wearable and integrated gas-sensor devices","A hierarchical graphene/PANI film on PET is explicitly engineered as a flexible, transparent ammonia sensor.",NH3;PANI;PET;flexible;transparent;hierarchical networks,high,843c72c1-d4c5-48ad-b057-10857a247c71;8e25b9c4-364a-4aef-adc5-9e2331b187d7
D045,7b462286-ce94-41ea-b031-543d6aaef0f2,1c23d08f-1b37-4fe9-b84f-2d1671faf6f9,W1982563532,"Gas adsorption on graphene doped with B, N, Al, and S: A theoretical study",C07,"Gas adsorption and sensing: first-principles, transport and molecular mechanisms","DFT compares gas binding on B-, N-, Al- and S-doped graphene and predicts selective NO/NO2 adsorption.",DFT;heteroatom doping;NOx;adsorption,high,ddf32319-6303-4e68-94ac-f38e91d629c9
D046,7c4e84e8-09c5-4150-849e-7a21493a18db,ae7debc9-5bea-49d3-8370-2eb361fa3f50,W2900239789,Graphene-enhanced metal oxide gas sensors at room temperature: a review,C08,"Reviews of gas-sensor materials, fabrication and deployment","Review addresses room-temperature graphene/metal-oxide sensors, their performance, mechanisms and future schemes.",review;metal oxides;room temperature;NO2;NH3;CO;VOCs,high,59f81eda-d3da-4554-9204-192933b68c9f
D047,7c663f65-65c2-4e27-8840-bf5bdb960cb0,2ea02654-5f2e-4c9e-911f-3e5a53f87524,W2258216339,Ultrasensitive and Highly Selective Graphene-Based Single Yarn for Use in Wearable Gas Sensor,C02,"Flexible, wearable and integrated gas-sensor devices","An rGO single-yarn device emphasizes textile wearability, bending endurance and detergent-washing durability for NO2 sensing.",e-textiles;rGO;NO2;washability;self-assembly,high,e1851a4b-19b5-4334-8a11-811bfe34cd94
D048,7e8119f4-3272-488b-a741-a7b4abb14a69,fb67e4c5-00fe-4c1f-98e8-b2286054a0b7,W2024227324,"Science and technology roadmap for graphene, related two-dimensional crystals, and hybrid systems",C11,"Graphene physical properties, mechanics and technology roadmaps",A broad roadmap addresses graphene/related materials research and industrial transition across many sectors.,roadmap;graphene;2D materials;industrial applications;nomenclature,high,790a6915-3e45-4a76-8281-d043955bf0ae
D049,7f51377e-2cb1-46a3-9bff-19b03dd7f25b,7ce34462-5287-40ef-b6c9-032bbaf5e8c4,W2116442239,Properties of graphene: a theoretical perspective,C11,"Graphene physical properties, mechanics and technology roadmaps","A theoretical review focuses on graphene electronic physics, Hall effects, band structures and confined systems.",review;Dirac fermions;quantum Hall;band structure;nanoribbons;bilayer,high,41c3aa38-8f19-42fe-bf89-1b78cc3db9b2;38580dd0-e9b2-49c4-8e6e-fb491a16cacf;e8169c08-320c-47ae-9759-824e75136e68
D050,87775318-a9f1-457c-891c-6d910ac56175,f3937e44-f446-490b-8c4e-7b95768fca8a,W2088861830,Flexible room-temperature NO2 gas sensors based on carbon nanotubes/reduced graphene hybrid films,C02,"Flexible, wearable and integrated gas-sensor devices",CNT/rGO films on polyimide are demonstrated as flexible NO2 sensors stable under extreme bending.,NO2;CNT;rGO;polyimide;flexibility,high,468da37d-6e9a-4912-a13a-b5a50250ead3
D051,878586e5-bf5c-4fcf-91db-5c64bb999ec8,f04d4a0a-cfb7-4e3b-aab5-3402eab333b0,W2736441330,Mechanical properties of graphene and graphene-based nanocomposites,C11,"Graphene physical properties, mechanics and technology roadmaps","Review analyzes graphene intrinsic mechanics and reinforcement of polymer nanocomposites, including Raman characterization.",review;mechanical properties;nanocomposites;Raman;reinforcement,high,e42576cf-49da-4f8f-b817-c1665efb96b5;01243396-c0e1-4b3a-a39f-dffd03bc0df0
D052,88e8a18b-f7b8-4366-9ffc-ffbc1655b882,1b9dcf35-e17f-4d7c-b354-5451c582eae6,W2285979304,Sensitive Room-Temperature H2S Gas Sensors Employing SnO2 Quantum Wire/Reduced Graphene Oxide Nanocomposites,C01,Metal-oxide / graphene hybrids for gas sensing,SnO2 quantum wires anchored on rGO are synthesized and tested as reversible room-temperature H2S chemiresistors.,H2S;SnO2;quantum wires;rGO;room temperature,high,9a01008b-ea30-49d1-960e-dc32d3dc2ff6;6dad52f2-a2a3-4d94-a9ee-baa416e3bf2b
D053,895f3ff1-5a2d-4c4f-b146-bfa105dd2639,608b8803-0460-4606-a870-e3251f1c2146,W2127824358,Reduced graphene oxide for room-temperature gas sensors,C03,"Electronic gas sensors: reduction, doping, interfaces and film processing",Low-temperature GO reduction on Au electrodes enables room-temperature NO2/NH3 response via charge transfer and contacts.,NO2;NH3;thermal reduction;Au;Schottky barrier;rGO,high,383eb34e-6a15-4a2a-87a7-85bcc214be4e
D054,8a635573-0311-4947-85e8-fc9dfee4ef43,c64c7638-3973-43dd-878d-e4927d911162,W2761284455,3D integrated monolayer graphene–Si CMOS RF gas sensor platform,C02,"Flexible, wearable and integrated gas-sensor devices","A monolithically integrated graphene/CMOS RF platform addresses low-power, scalable sensor-network integration.",CMOS;RF;IoT;monolithic integration;low power,high,b6867ce4-3364-45ad-b8f8-cd7fc616ad0c
D055,8d2f77a0-7e7c-45f8-a36e-7be49395ee43,a4f3c68a-b785-4e2d-8833-fd2c79a8b6de,W2169767991,Graphene: carbon in two dimensions,C11,"Graphene physical properties, mechanics and technology roadmaps",The abstract describes graphene as two-dimensional carbon and its unusual relativistic electronic properties.,review;2D carbon;Dirac fermions;quantum Hall;electronics,high,ca384a3b-e085-4554-8159-bdf5dbd2bcd7
D056,8f9fc5ae-0c9f-466e-96e6-7a1af0a80a87,3a4efa5b-fe48-4f3a-85bb-549dff834b39,W2041858177,"Adsorption of H 2 O , N H 3 , CO, N O 2 , and NO on graphene: A first-principles study",C07,"Gas adsorption and sensing: first-principles, transport and molecular mechanisms","First-principles calculations study adsorption geometries, energies and molecular doping of H2O/NH3/CO/NOx on graphene.",DFT;adsorption;molecular doping;H2O;NH3;CO;NOx,high,17f1f708-31e2-4e14-b4de-90b72bdc1e3e
D057,92b288c5-a152-43a5-9faa-6d235ae9afb7,3865928b-7d9f-4fd4-87da-04640748254f,W2082723121,High sensitive quasi freestanding epitaxial graphene gas sensor on 6H-SiC,C03,"Electronic gas sensors: reduction, doping, interfaces and film processing",Measured epitaxial/quasi-freestanding graphene on SiC links NO2 sensitivity to Fermi-energy and surface doping.,epitaxial graphene;SiC;NO2;Dirac point;doping,high,976ee6e9-bd12-4f15-bf38-30fbd15105ba
D058,95ad40b5-46f9-4654-bdd2-96e396478d6c,5d78f622-9582-4379-86bc-349d581c6c09,W2752122312,Flexible Graphene-Based Wearable Gas and Chemical Sensors,C08,"Reviews of gas-sensor materials, fabrication and deployment","Review emphasizes graphene flexible/stretchable wearable gas and chemical sensors, pollutants and interferent exclusion.",review;wearables;flexible;gas sensing;chemical sensing;IoT,high,598def39-7f5a-450c-96d7-156cc33157e1;883b930f-3bb7-4fec-b6f6-b6ab406fff22
D059,95caebbb-a861-49f1-a707-2bf74b2c9a8b,d2df74ff-b9a9-41ea-9b26-ced2f6940160,W2570626050,Noble Metal Decorated Graphene-Based Gas Sensors and Their Fabrication: A Review,C08,"Reviews of gas-sensor materials, fabrication and deployment",Review surveys noble-metal/graphene hybrids and electron-transfer/junction effects for gas sensing.,review;noble metals;hybrids;charge transfer;junctions,high,fa4c124e-cc5b-4257-bbd1-741825ecf8b8
D060,96575fc6-1212-4cb1-889f-179dd9515854,61ce4e43-1d79-4cee-af6c-43026828532a,W2284579279,Enhanced sensitivity of graphene ammonia gas sensors using molecular doping,C03,"Electronic gas sensors: reduction, doping, interfaces and film processing",Experimental NO2 molecular doping of CVD graphene improves NH3 response by changing hole concentration.,molecular doping;NO2;NH3;CVD;FET,high,006deffa-1906-4677-942b-2a29bd47046b
D061,99232d89-6fe1-4045-b661-0e1203a448d8,e32a9243-72d8-4bef-82ee-bed2289e77c0,W2003522292,A Highly Sensitive Hydrogen Sensor with Gas Selectivity Using a PMMA Membrane-Coated Pd Nanoparticle/Single-Layer Graphene Hybrid,C05,Metal-nanoparticle catalysis and selective electronic gas sensors,Pd nanoparticles with a PMMA filtration membrane on single-layer graphene provide selective H2 sensing.,H2;Pd;PMMA;selective filtration;galvanic displacement,high,dd53930f-efae-4f64-b3f4-c4be12048b60
D062,9d8f4109-bb2e-42ab-8894-2304187b181b,f72d4778-c968-4658-b98d-c45d8f925011,W4387884847,Graphene-based chemiresistive gas sensors,C08,"Reviews of gas-sensor materials, fabrication and deployment","Tutorial review covers graphene chemiresistive mechanisms, functionalization, operation and data-analysis approaches.",review;chemiresistors;doping;functionalization;algorithms,high,dce72dfa-68e3-4347-aa74-43c194bd0fc9
D063,9e83b80f-5ab2-411c-b800-3f6eac578f51,0038a0ff-85d0-465c-995f-640533102966,W3091315741,A Review of Inkjet Printed Graphene and Carbon Nanotubes Based Gas Sensors,C08,"Reviews of gas-sensor materials, fabrication and deployment","Review focuses on inkjet printing of graphene/CNT sensors, flexible substrates and reproducibility challenges.",review;inkjet;CNT;flexible;reproducibility,high,b0355aae-2c8e-484c-a7c0-03c3a81d4aea
D064,a5c41f35-df49-4f31-95dd-394405e4c276,c2668875-4dc9-4f36-a3cb-e43b66673923,W2038843379,Ultrafast and sensitive room temperature NH3 gas sensors based on chemically reduced graphene oxide,C03,"Electronic gas sensors: reduction, doping, interfaces and film processing",Pyrrole-reduced rGO gives ultrafast ppb-level ammonia sensing with IR-assisted recovery.,NH3;pyrrole;rGO;IR illumination;recovery,high,27279f3b-8961-4d21-8bb0-cc66d87455f7
D065,a699dfba-8207-41f9-a491-43a360e40cd9,35ac4a5b-05aa-493c-b96d-a1935663963f,W2083254069,High sensitive formaldehyde graphene gas sensor modified by atomic layer deposition zinc oxide films,C01,Metal-oxide / graphene hybrids for gas sensing,ALD ZnO films on CVD graphene are tested for formaldehyde sensing and optimized by oxide thickness.,formaldehyde;ZnO;ALD;CVD;film thickness,high,7ebb6e7c-9e6b-42ab-abab-9acd07414eab
D066,a7588c01-0b42-40c2-8e08-86a056819ce7,914db217-93ce-4752-b77f-457a4fb16137,W2233797376,Studies of Reduced Graphene Oxide and Graphite Oxide in the Aspect of Their Possible Application in Gas Sensors,C03,"Electronic gas sensors: reduction, doping, interfaces and film processing","Resistance structures based on graphite oxide/rGO are characterized and tested against H2, NO2 and CO2.",graphite oxide;rGO;H2;NO2;CO2;characterization,high,e8fe38fd-98e5-47f8-949a-019810448e8c
D067,acd6003a-13ec-4bce-87f5-cec1c79eabb3,3b61aa4c-aa18-4298-823b-473b8ecc43a6,W3009352661,Epitaxial graphene gas sensors on SiC substrate with high sensitivity,C03,"Electronic gas sensors: reduction, doping, interfaces and film processing",Graphene variants on SiC and SF6-plasma defects are compared for high-sensitivity NO2 sensing.,epitaxial graphene;SiC;SF6 plasma;defects;NO2,high,b5b668aa-f2e0-4200-8bde-ef54cfc4f287
D068,b102c67e-e167-49c6-a3cf-5c14d31d8fc1,92e8fd81-3dcc-4b98-a485-c6e98506c30d,W2738950220,Highly sensitive and rapidly responding room-temperature NO2 gas sensors based on WO3 nanorods/sulfonated graphene nanocomposites,C01,Metal-oxide / graphene hybrids for gas sensing,"WO3 nanorods combined with sulfonated rGO improve room-temperature NO2 response, kinetics and interfacial transfer.",WO3;NO2;sulfonation;rGO;heterointerface,high,0ec317d5-3c20-41e0-9f78-67fec485b6cc;bf68e19f-1038-45d8-adae-8104c2c02f71
D069,b5e40c7d-735b-411c-b69b-1cb38751ddb4,5967d42f-3bfb-46d1-9892-30c69f4cc320,W2312656922,Palladium-Decorated Hydrogen-Gas Sensors Using Periodically Aligned Graphene Nanoribbons,C05,Metal-nanoparticle catalysis and selective electronic gas sensors,Laser-lithographed graphene nanoribbon arrays are Pd-decorated to catalyze reliable hydrogen detection.,H2;Pd;nanoribbons;laser interference lithography;noise,high,f25cd74a-8387-4ccc-8ad2-bba363cb455e
D070,b652e00f-7ac8-4b37-b370-272e2482d67f,f7ec54a9-2c0c-49b4-9795-24258524c956,W2922177019,Laser-Induced Graphene for Flexible and Embeddable Gas Sensors,C02,"Flexible, wearable and integrated gas-sensor devices",Direct-written LIG devices use thermal conductivity and can be embedded in cement to sense gas mixtures.,LIG;thermal conductivity;katharometer;cement;embedding;gas mixtures,high,e5fe39a5-d194-4570-9f6b-a2ec9077c4b4
D071,b825539d-f4bb-4d21-a5d2-0f535b15eb49,9d7cba7b-66c7-4358-bd21-00678a487230,W3008019330,Graphene-based Materials in Gas Sensor Applications: A Review,C08,"Reviews of gas-sensor materials, fabrication and deployment","Review surveys graphene gas-sensing materials, hybrids and commercialization approaches.",review;graphene;gas sensing;hybrids;commercialization,high,21be3ce8-74b4-42af-97d3-f728c12f493b;ce508584-7056-4d0d-9cc8-b7e81ad11e6f
D072,be036c92-8085-4d4a-a101-f50e7cbc28fc,75c65e76-6c14-431d-83bf-e4a0f343e18e,W2014767715,Room-temperature high-performance acetone gas sensor based on hydrothermal synthesized SnO 2 -reduced graphene oxide hybrid composite,C01,Metal-oxide / graphene hybrids for gas sensing,The stored one-sentence abstract reports a room-temperature acetone sensor built from a SnO2/rGO hybrid film.,sparse abstract;acetone;SnO2;rGO;room temperature,high,1ab67031-31c3-40df-9bff-3add880b4bb1
D073,be88ae5a-4cd1-4568-9792-a9d1eddb56be,199b7455-026c-458b-9a44-3a8da0c0e19b,W3010294696,Frontiers of graphene and 2D material-based gas sensors for environmental monitoring,C08,"Reviews of gas-sensor materials, fabrication and deployment",Review benchmarks graphene/2D electrical and optical sensors for air-quality monitoring and market prospects.,review;environmental monitoring;2D materials;benchmarks;market analysis,high,eb017e38-0a55-4109-b8f0-c6c0b5a02a11;0c7dbb23-b128-430e-8c6d-7b4af712120b
D074,bfcae593-3cf3-42fd-971a-5521c706cabe,22979e23-3fdd-4759-bf4c-cf7f9ba4fafb,W2105031224,Facile synthesis of novel 3D nanoflower-like CuxO/multilayer graphene composites for room temperature NOx gas sensor application,C01,Metal-oxide / graphene hybrids for gas sensing,CuxO/multilayer-graphene nanoflowers are synthesized and tested as room-temperature NOx sensors.,CuxO;nanoflowers;NOx;KOH activation;conductivity,high,b293d27a-c458-484b-8164-c053423ac65d;2846d4cc-85f4-474e-8a95-608c70dea941
D075,c04f97a5-b941-4257-b74f-721faa94e982,0b3fed26-d88f-4cc1-a503-6352651cfd64,W2161928223,Molecular Doping of Graphene,C07,"Gas adsorption and sensing: first-principles, transport and molecular mechanisms",Joint experimental/theoretical analysis explains NO2/N2O4 adsorbate-induced graphene doping through molecular shell states.,molecular doping;NO2;N2O4;DOS;theory and experiment,high,40d0ed33-a786-422f-b88b-7a16a3513ae9;2be60ba2-720c-4b96-adf9-eee4b4ac6e51
D076,c4a02758-57a8-4f3c-9191-6281afef84fe,b3424976-6591-4bfd-9afa-36677f295b47,W2131332085,"ZnO nanorods on reduced graphene sheets with excellent field emission, gas sensor and photocatalytic properties",C01,Metal-oxide / graphene hybrids for gas sensing,"Hydrothermal ZnO nanorod/graphene heterostructures have gas-sensing, field-emission and photocatalytic applications.",ZnO;nanorods;field emission;photocatalysis;multifunctional,medium,4f4162aa-9c16-4f62-94e6-37d89d56b5e8;d03f51b0-fbc5-4715-9439-18787492214b
D077,c55aaeb6-0dd1-4c6e-a62c-b0078257c9f2,8807c2d8-cb62-4a53-ae79-88a90e0c6f4b,W3133399150,Reduced Graphene Oxide (rGO)-Loaded Metal-Oxide Nanofiber Gas Sensors: An Overview,C08,"Reviews of gas-sensor materials, fabrication and deployment",Overview focuses on electrospun rGO-loaded metal-oxide nanofiber gas sensors and mechanisms.,review;electrospinning;nanofibers;rGO;metal oxides,high,d7d61fb1-fe0f-45c0-80b0-503e89bd7fb0
D078,c56c60ec-74f3-44d5-83e6-f83d87b921f5,85c8c16f-76e7-45fb-a9b2-6124974a51e9,W4210343955,Ultrasensitive N-Channel Graphene Gas Sensors by Nondestructive Molecular Doping,C03,"Electronic gas sensors: reduction, doping, interfaces and film processing",Ethylene-amine molecular n-doping yields selective n-channel NO2 sensors; flexible plastic realization is secondary.,NO2;DETA;n-doping;flexible;gate-free;DFT,high,8e528f95-22fc-4b9a-8b16-90391b584bc3;509195ce-f818-487d-8196-eb0511b0acaf
D079,c5dfdef7-4f8f-455d-8ef1-e24b30dd136f,19706067-aa4d-4d02-a463-1e8dd1295b40,W2945841863,Graphene Decorated with Silver Nanoparticles as a Low-Temperature Methane Gas Sensor,C05,Metal-nanoparticle catalysis and selective electronic gas sensors,Uniform Ag-nanoparticle decoration and composition tuning enable resistive methane sensors.,CH4;Ag nanoparticles;humidity;composition tuning,high,87a5cf54-10bc-4bb5-bbb8-7350baa124e3;2a444bc2-8cb5-4ba7-9ab7-86041490c792
D080,c9984def-b7e0-46b4-a20c-b9abdb6e2c18,9cfa3835-9652-4a8e-8cf0-dc3517ae6238,W2157202716,"Heteroatom-doped graphene materials: syntheses, properties and applications",C10,"Graphene material synthesis, functionalization and broad applications","Review addresses synthesis, dopant configurations and broad properties/applications of heteroatom-doped graphene.",review;heteroatom doping;energy storage;energy conversion;sensing;gas storage,high,6035e6b9-fee7-4f37-9c56-79cea9e286d0
D081,c99f8fc3-6f01-4bf4-bc00-933bbeda27f9,c2aad931-a1eb-4832-9aa0-b1f487efb100,W1988620898,Phosphorene as a Superior Gas Sensor: Selective Adsorption and Distinct I – V Response,C07,"Gas adsorption and sensing: first-principles, transport and molecular mechanisms","First-principles and NEGF predict gas adsorption, anisotropic transport and molecule-specific responses on phosphorene.",phosphorene;DFT;NEGF;anisotropy;gas adsorption,high,c76846f2-d192-4cf4-b004-fc84d6978626;ea10b13a-04d0-4907-b703-9cf0029b3bb5
D082,d145c9ac-f2af-4f95-a048-4bc61c873bd7,0021da82-939b-48d7-8d6e-8b53f969eaf5,W2563624639,"A 3D Chemically Modified Graphene Hydrogel for Fast, Highly Sensitive, and Selective Gas Sensor",C04,"Graphene gas sensing through 3D, patterned and array architectures",Sulfonated 3D rGO hydrogel and an embedded microheater use response-temperature patterns for multigas selectivity.,3D hydrogel;sulfonation;microheater;temperature patterns;NO2;NH3;VOCs,high,8db8d650-11b9-4f9f-a333-4565fc673498;830fcf0d-f920-417f-a7f0-f3201c667e84
D083,d8fa4f24-71ee-4b88-967c-024021e0043b,40cbcb4e-b2ea-497f-83d6-3808c79acfc9,W2977677425,Ultrahigh Selective Room-Temperature Ammonia Gas Sensor Based on Tin–Titanium Dioxide/reduced Graphene/Carbon Nanotube Nanocomposites by the Solvothermal Method,C01,Metal-oxide / graphene hybrids for gas sensing,Sn-TiO2/rGO/CNT hybrids are synthesized and compared for highly selective NH3 sensing through p-n junctions.,NH3;Sn-TiO2;CNT;rGO;heterojunctions;solvothermal,high,e89caff2-4334-4314-9f46-26f53157d3b0;27f49429-5410-4af7-9073-6309b4509597
D084,d9353f7c-7923-4367-bf9f-78451104b2f5,58e3ff7b-0115-48b5-bc95-f681f230bc5a,W2854295798,Research Progress of Gas Sensor Based on Graphene and Its Derivatives: A Review,C08,"Reviews of gas-sensor materials, fabrication and deployment","Review broadly summarizes graphene preparation, gas-sensor structures/performance and future trends.",review;graphene derivatives;polymers;metal oxides;future trends,high,c2038fc8-891e-497b-bc0f-ef5a41e8ea42
D085,dbf895b0-e07a-40a0-9dde-d2858ff63320,b20c2f59-c365-462f-af99-f7335e15ab7f,W3180216250,Understanding and optimization of graphene gas sensors,C03,"Electronic gas sensors: reduction, doping, interfaces and film processing",Graphene transistor experiments link initial doping and NO2/N2O4 adsorption to opposite electrical responses.,NO2;N2O4;initial doping;transistor;charge transfer,high,b521e874-57f4-4f70-865b-c340c09efe4d;c6561bcb-d92c-41a0-aa2c-8fce57738736
D086,dfbf11ae-d233-47e1-bfbf-505e8c2d0594,492a1b53-1647-494e-9c68-09a592c19fe4,W1980451576,Toward Ubiquitous Environmental Gas Sensors—Capitalizing on the Promise of Graphene,C08,"Reviews of gas-sensor materials, fabrication and deployment",Review considers graphene's promise for small-scale environmental gas sensors.,review;environmental monitoring;graphene;sensor miniaturization,high,c84b43c0-e4a1-4404-a809-3ca4777783cc
D087,e07c06f0-da13-404a-b8b9-7112202bcf57,ffb889e9-dc80-4a29-9caf-bc0c05cf95da,W2031311944,Design of advanced porous graphene materials: from graphene nanomesh to 3D architectures,C10,"Graphene material synthesis, functionalization and broad applications","Review covers graphene nanomesh/crumpled/foam design and broad electronics, storage, separation and sorption applications.",review;porous graphene;nanomesh;foam;gas separation;energy storage,high,8bcd9f4f-a601-493b-ba60-39bd2eb60068
D088,e4a11c17-4a02-4845-9887-a6d113174d38,c7e13140-db25-4e2d-a4ed-0a1c7aa4723c,W2335496883,Graphene Nanomesh As Highly Sensitive Chemiresistor Gas Sensor,C04,"Graphene gas sensing through 3D, patterned and array architectures",Lithographic/etched graphene nanomesh geometry is evaluated as FET and chemiresistor with improved NO2/NH3 sensing.,nanomesh;NO2;NH3;CVD;RIE;lithography;FET,high,2de48374-7eff-4eaa-b28b-045e1eacca8a;8cd9a1d3-bdd3-46ec-9e1a-872ab12c3273
D089,e5e2825a-81cd-4497-8b78-a2677add0a48,43e52f34-bc11-472f-a87d-86988c6bb04d,W1980835470,High‐Performance NO 2 Sensors Based on Chemically Modified Graphene,C03,"Electronic gas sensors: reduction, doping, interfaces and film processing",Covalent sulfophenyl/ethylenediamine functionalization of rGO improves NO2 sensor sensitivity and repeatability.,NO2;covalent functionalization;sulfophenyl;ethylenediamine;rGO,high,317dd207-5823-4858-bac7-5177951d39b8
D090,e61dd295-666c-4963-bb18-eac28a02fe12,8b04e3fc-26f8-4689-9764-c9c2826f4825,W2293999363,Free‐Standing Functionalized Graphene Oxide Solid Electrolytes in Electrochemical Gas Sensors,C06,Optical and electrochemical gas-sensor mechanisms,A free-standing sulfonated-GO electrolyte is used in an alcohol-fuel-cell electrochemical ethanol sensor.,ethanol;electrochemical;solid electrolyte;sulfonated GO;breathalyzer,high,666fa0ee-59ba-497d-a89a-cd5f2e99d0ba
D091,e6844a28-6617-497a-bbdb-62545365b18d,b9727eb6-6a62-4734-b5c7-d4b76559d090,W2169503583,Nanostructured Pt decorated graphene and multi walled carbon nanotube based room temperature hydrogen gas sensor,C05,Metal-nanoparticle catalysis and selective electronic gas sensors,Pt-decorated graphene and MWNT samples are compared as room-temperature hydrogen gas sensors.,H2;Pt;MWNT;graphene;drop casting,high,5259dff5-7b56-4a67-be3d-15b07f0a3590
D092,ea87c55e-72ef-439c-aa6b-7285edc49095,19bedd9d-3827-402c-894b-e8ca762ecff7,W1994481181,Improving gas sensing properties of graphene by introducing dopants and defects: a first-principles study,C07,"Gas adsorption and sensing: first-principles, transport and molecular mechanisms","DFT compares pristine, doped and defective graphene and predicts adsorption/transport gains for small-gas sensing.",DFT;B doping;N doping;defects;gas adsorption;transport,high,8c72db49-9f37-4151-a3be-46a88d5af916
D093,ed63ad4b-96aa-4ba5-a8fa-581f76e5723d,ab07453e-131f-4424-a7d8-787b08f59f40,W2790839816,Optical Graphene Gas Sensors Based on Microfibers: A Review,C08,"Reviews of gas-sensor materials, fabrication and deployment","Review addresses graphene microfiber optical gas-sensor principles, fabrication and interrogation.",review;optical;microfibers;waveguides;fabrication,high,9887bde2-5015-49ba-adb3-6f399019dc00
D094,ee5ad392-f96f-4241-b1c9-844477b87925,0b0d6dd2-bd4e-4432-95ef-aa190b32622d,W4403961457,Laser-induced graphene gas sensors for environmental monitoring,C02,"Flexible, wearable and integrated gas-sensor devices",Low-cost flexible LIG sensors are laser-written and bend-tested for monitoring plant-emitted VOCs.,LIG;flexible;plant VOCs;environmental monitoring;laser writing,high,1ecb24ee-8566-413b-877c-3db364e8d60e;e10372a2-e6cb-49ed-8f18-61cc16d113fc
D095,ef6d522b-b248-4438-abae-289b176b9968,323787f0-5de4-482a-bea3-b02b5a397923,W1997462942,High Sensitivity Gas Detection Using a Macroscopic Three-Dimensional Graphene Foam Network,C04,"Graphene gas sensing through 3D, patterned and array architectures",A macroscopic 3D graphene foam provides robust room-temperature NH3/NO2 sensing with Joule-heating recovery.,3D foam;NH3;NO2;Joule heating;flexible;reversibility,high,bff04a18-aea0-4126-80e7-44a67aa07d5b
D096,f13d2b75-dc3f-474d-975b-894e77fc79d4,ab5a4394-9889-4f98-a89c-c8b102b8bc0f,W3016456929,Progress in the functional modification of graphene/graphene oxide: a review,C10,"Graphene material synthesis, functionalization and broad applications","Review surveys graphene/GO reduction and covalent, noncovalent and doping functionalization across applications.",review;functionalization;GO;reduction;covalent;noncovalent;doping,high,363f8e46-01bb-4b24-98d0-0de4cd51d023
D097,f1c4d560-678f-4ead-af98-f670b31ac562,0601856a-895b-43e6-be4c-dd2b0af16f9e,W2017626781,Highly Sensitive and Selective Gas Sensor Using Hydrophilic and Hydrophobic Graphenes,C06,Optical and electrochemical gas-sensor mechanisms,Hydrophilic GO and hydrophobic rGO on polymer optical-fiber arrays distinguish organic vapors under extreme humidity.,optical;fiber arrays;GO;rGO;THF;dichloromethane;humidity,high,cbfdda24-6c93-438e-99ac-3743eff2b9ae
D098,f788f5fa-e284-4d65-8241-8210291c488c,2bcf0c3f-6d14-457e-8665-3d0dd2993393,W2074378463,In Situ Polymerization Deposition of Porous Conducting Polymer on Reduced Graphene Oxide for Gas Sensor,C03,"Electronic gas sensors: reduction, doping, interfaces and film processing",Porous PEDOT deposited on rGO improves electronic NO2 sensitivity and kinetics through the conducting-polymer network.,PEDOT;NO2;conducting polymer;porosity;rGO,high,f2eb10d1-6abf-4eda-983c-494df7265e17
D099,f7baaf79-a130-4329-9f84-6d80e77835a2,1c4006c8-38ad-4661-9f66-a1ad9917069b,W2008068390,Graphene/mica based ammonia gas sensors,C03,"Electronic gas sensors: reduction, doping, interfaces and film processing",Graphene/mica versus graphene/SiO2 comparisons identify substrate-induced p-doping as an NH3-sensitivity mechanism.,NH3;mica;SiO2;substrate;p-doping,high,22321f2b-ea9c-48f3-a875-4b14e60b3086
D100,fd94b094-5144-4e96-acd5-de555c2bb84a,330135c0-1440-4a43-bdc8-f702efcb86be,W1999206703,Flexible and Transparent Gas Molecule Sensor Integrated with Sensing and Heating Graphene Layers,C02,"Flexible, wearable and integrated gas-sensor devices",An integrated graphene sensing channel and transparent heater enable flexible NO2 devices with rapid recovery.,NO2;all graphene;heater;transparent;flexible;recovery,high,3a6f2f22-3142-4711-9a49-91c8067ddead
