doc_no,document_id,revision_id,external_id,title,source,normalized_source,abstract_field_status,abstract_char_count,chunk_count,chunk_ids,normalized_span_match,all_nonwhitespace_abstract_covered,ingest_state,fact_count_state,fact_count_rows,extraction_completed_at,extractor_version,vocabulary_version,content_absent,manual_category,review_priority,candidate_target,candidate_quote,quote_start,quote_end,candidate_verified_exact,assessment,pipeline_cause_observed
D007,1012c1e5-ed99-4e3a-ba11-ac77cc359a2e,4c1cdf8f-ad84-4b9d-982a-16a4d7e18614,W1996257604,Highly aligned SnO2 nanorods on graphene sheets for gas sensors,openalex,openalex,available,848,1,1ce31794-9d58-4bca-8273-6b571cf081a0,true,true,indexed,0,0,2026-10-01T21:25:34.832157+00:00,graph-extraction-v2:qwen3.5:4b-q4_K_M@2a654d98e6fba55d452b7043684e9b57a947e393bbffa62485a7aac05ee4eefd,technical-feature-v1,false,concrete_feature_candidate,high,Highly aligned SnO2 nanorods,Highly aligned SnO2 nanorods on graphene 3-D array structures were synthesized by a straightforward nanocrystal-seeds-directing hydrothermal method.,0,148,true,"The abstract explicitly discloses a synthesized aligned SnO2-nanorod/graphene architecture, tunable nanorod diameter/density and measured H2S response. Several directly supported technical-feature candidates exist; zero facts is a coverage gap worth controlled replay. Conservative model selection or validation filtering is possible, but not observed as the actual cause.",unknown; no extraction response or rejection logs supplied
D013,218cb72e-a7df-4303-9d9e-e374b6e450d7,a788c29f-8809-4836-9e4d-d4cbe74f0c13,W2318335082,Reduced graphene oxide/ZnO nanocomposite for application in chemical gas sensors,openalex,openalex,available,147,1,c0fd9d14-3ff1-4e78-9188-d3040f5ddaba,true,true,indexed,0,0,2026-10-01T21:53:42.773283+00:00,graph-extraction-v2:qwen3.5:4b-q4_K_M@2a654d98e6fba55d452b7043684e9b57a947e393bbffa62485a7aac05ee4eefd,technical-feature-v1,false,sparse_generic_source,low,metal oxide nanostructures,Coupling of graphene-based materials with metal oxide nanostructures is an effective way to obtain composites with improved gas sensing properties.,0,147,true,"The only stored abstract sentence is generic background. The title names rGO/ZnO, but the extractor receives chunk text and should not infer a paper-specific feature from title-only specificity. Zero facts is compatible with the background-exclusion rule. The stored source is short, not absent; truncation at acquisition cannot be established from this export.",unknown; no extraction response or rejection logs supplied
D015,24e7049e-e304-4bc5-b9b9-e739b7cf5f9c,a0544012-5453-49f4-9d27-7103b0e838a6,W4236825273,Laser-Induced Graphene,openalex,openalex,available,2679,3,2ad58ace-4479-492d-ac10-c8df6c9e6078;1fdd75be-d919-4382-a4b9-3aea08c36aa6;a81deea3-0d4c-41cc-81ae-59c5c187f58a,true,true,indexed,0,0,2026-10-01T22:09:12.244079+00:00,graph-extraction-v2:qwen3.5:4b-q4_K_M@2a654d98e6fba55d452b7043684e9b57a947e393bbffa62485a7aac05ee4eefd,technical-feature-v1,false,retrospective_methods_ambiguous,medium,3D porous graphene,"In 2014, using a commercial laser scribing system as found in most machine shops, a direct lasing of polyimide (PI) plastic films in the air converted the PI into 3D porous graphene, a material termed laser-induced graphene (LIG).",540,770,true,"The Account contains concrete LIG production and morphology/surface-control methods across three complete chunks. These may be legitimate disclosed technical features, but wording is retrospective and broad. A zero result could reflect treating summarized prior findings as background. Audit policy must decide whether explicit reviewed methods qualify before scoring this as an extraction miss.",unknown; no extraction response or rejection logs supplied
D019,2dab9e82-5d29-40da-b093-b12b1fbde4da,c3cd4135-33ed-473f-a24d-9c3bf736b0e9,W2076475450,Graphene-based gas sensors,openalex,openalex,available,569,1,2e3a3440-5c24-4e15-a7ec-de5cf70afa5c,true,true,indexed,0,0,2026-10-01T13:30:53.071795+00:00,graph-extraction-v2:qwen3.5:4b-q4_K_M@2a654d98e6fba55d452b7043684e9b57a947e393bbffa62485a7aac05ee4eefd,technical-feature-v1,false,review_scope_conservative_zero,low,structural defects,"The effects of the compositions, structural defects and morphologies of graphene-based sensing layers and the configurations of sensing devices on the performances of gas sensors will also be discussed.",367,569,true,A feature article states review scope and generic sensing-layer properties. It does not describe one concrete realized configuration or parameterized method in the abstract. Empty features is compatible with a strict explicit-disclosure policy; classifying topic from the same text remains possible.,unknown; no extraction response or rejection logs supplied
D023,3263deed-de40-4cc0-bf0f-e980647f6535,59a10538-663c-4715-b18e-1868af20a2e4,W2138183388,Biological and chemical sensors based on graphene materials,openalex,openalex,available,861,1,e1c0cbfd-ed9b-4abe-8b86-a4065a5fa15f,true,true,indexed,0,0,2026-10-01T21:29:17.905821+00:00,graph-extraction-v2:qwen3.5:4b-q4_K_M@2a654d98e6fba55d452b7043684e9b57a947e393bbffa62485a7aac05ee4eefd,technical-feature-v1,false,review_scope_conservative_zero,low,nanopore sensors,"This article critically and comprehensively reviews the emerging graphene-based electrochemical sensors, electronic sensors, optical sensors, and nanopore sensors for biological or chemical detection.",270,470,true,"The abstract enumerates reviewed sensor modalities and mechanisms, then promises comparative discussion. It has useful topic vocabulary but few specific disclosed designs. Conservative empty extraction is plausible; absence of stored content is ruled out.",unknown; no extraction response or rejection logs supplied
D041,70b57363-3591-4f4b-a1a9-d0f8987b6b80,6157efd9-fab8-401a-8da8-229bdcd8932f,W2178763567,A Review on Graphene-Based Gas/Vapor Sensors with Unique Properties and Potential Applications,openalex,openalex,available,817,1,dc02a151-981a-4232-b9d1-78a72a0f23b0,true,true,indexed,0,0,2026-10-01T13:33:51.791454+00:00,graph-extraction-v2:qwen3.5:4b-q4_K_M@2a654d98e6fba55d452b7043684e9b57a947e393bbffa62485a7aac05ee4eefd,technical-feature-v1,false,review_scope_conservative_zero,low,multiple sensor arrays,"Several possible methods to solve these problems are proposed, for example, conceived solutions, hybrid nanostructures, multiple sensor arrays, and new recognition algorithm.",643,817,true,The review describes broad gas/vapor coverage and future/improvement proposals. Generic suggested hybrid structures and arrays are not necessarily technical features of a specific realized device. A conservative zero is plausible; whether proposed technical methods should count is a policy question.,unknown; no extraction response or rejection logs supplied
D048,7e8119f4-3272-488b-a741-a7b4abb14a69,fb67e4c5-00fe-4c1f-98e8-b2286054a0b7,W2024227324,"Science and technology roadmap for graphene, related two-dimensional crystals, and hybrid systems",openalex,openalex,available,859,1,790a6915-3e45-4a76-8281-d043955bf0ae,true,true,indexed,0,0,2026-10-01T21:57:08.274973+00:00,graph-extraction-v2:qwen3.5:4b-q4_K_M@2a654d98e6fba55d452b7043684e9b57a947e393bbffa62485a7aac05ee4eefd,technical-feature-v1,false,review_scope_conservative_zero,low,,,,,not_applicable,"The roadmap abstract addresses research/industrial transition, sectors and nomenclature without a concrete sensor architecture or method. This is the clearest content-scope reason for an empty technical-feature set. Text is present and intact.",unknown; no extraction response or rejection logs supplied
D059,95caebbb-a861-49f1-a707-2bf74b2c9a8b,d2df74ff-b9a9-41ea-9b26-ced2f6940160,W2570626050,Noble Metal Decorated Graphene-Based Gas Sensors and Their Fabrication: A Review,openalex,openalex,available,899,1,fa4c124e-cc5b-4257-bbd1-741825ecf8b8,true,true,indexed,0,0,2026-10-01T21:55:17.081944+00:00,graph-extraction-v2:qwen3.5:4b-q4_K_M@2a654d98e6fba55d452b7043684e9b57a947e393bbffa62485a7aac05ee4eefd,technical-feature-v1,false,review_scope_conservative_zero,low,noble metal decorated graphene-based novel structures,"Specifically, noble metal decorated graphene-based novel structures were found to be extremely sensitive and selective owing to the synergistic effect of the compound configuration.",156,337,true,"The review describes a broad family of noble-metal/graphene hybrids and electron-transfer/junction mechanisms but does not name a particular metal, geometry or fabricated device in the abstract. Conservative zero is plausible; a looser disclosure policy might extract the generic hybrid family.",unknown; no extraction response or rejection logs supplied
D064,a5c41f35-df49-4f31-95dd-394405e4c276,c2668875-4dc9-4f36-a3cb-e43b66673923,W2038843379,Ultrafast and sensitive room temperature NH3 gas sensors based on chemically reduced graphene oxide,openalex,openalex,available,841,1,27279f3b-8961-4d21-8bb0-cc66d87455f7,true,true,indexed,0,0,2026-10-01T21:27:31.873936+00:00,graph-extraction-v2:qwen3.5:4b-q4_K_M@2a654d98e6fba55d452b7043684e9b57a947e393bbffa62485a7aac05ee4eefd,technical-feature-v1,false,concrete_feature_candidate,high,reduction of graphene oxide by pyrrole,"rGO, which was prepared via the reduction of graphene oxide by pyrrole, exhibited excellent responsive sensitivity and selectivity to ammonia (NH3) gas.",137,289,true,"A specific pyrrole-reduction preparation method and IR-assisted sensor recovery are stated explicitly, together with measured NH3 response/kinetics. There are strong exact-span feature candidates. Treat zero as a high-priority underextraction hypothesis to replay, without attributing it to inference failure or validation behavior.",unknown; no extraction response or rejection logs supplied
D084,d9353f7c-7923-4367-bf9f-78451104b2f5,58e3ff7b-0115-48b5-bc95-f681f230bc5a,W2854295798,Research Progress of Gas Sensor Based on Graphene and Its Derivatives: A Review,openalex,openalex,available,1041,1,c2038fc8-891e-497b-bc0f-ef5a41e8ea42,true,true,indexed,0,0,2026-10-01T20:59:08.378354+00:00,graph-extraction-v2:qwen3.5:4b-q4_K_M@2a654d98e6fba55d452b7043684e9b57a947e393bbffa62485a7aac05ee4eefd,technical-feature-v1,false,review_scope_conservative_zero,low,"graphene, polymer and metal/metal oxide composite","The emergence of new candidates including graphene, polymer and metal/metal oxide composite enhances the performance of gas detection significantly.",707,855,true,"The abstract is a broad progress review and generic statement about composite candidates, preparation and performance. It does not supply a particular architecture/process. Conservative omission of background feature wording is plausible.",unknown; no extraction response or rejection logs supplied
D092,ea87c55e-72ef-439c-aa6b-7285edc49095,19bedd9d-3827-402c-894b-e8ca762ecff7,W1994481181,Improving gas sensing properties of graphene by introducing dopants and defects: a first-principles study,openalex,openalex,available,1191,1,8c72db49-9f37-4151-a3be-46a88d5af916,true,true,indexed,0,0,2026-10-01T21:24:28.398806+00:00,graph-extraction-v2:qwen3.5:4b-q4_K_M@2a654d98e6fba55d452b7043684e9b57a947e393bbffa62485a7aac05ee4eefd,technical-feature-v1,false,concrete_feature_candidate,high,B- or N-doped and defective graphenes,"The interactions between four different graphenes (including pristine, B- or N-doped and defective graphenes) and small gas molecules (CO, NO, NO(2) and NH(3)) were investigated by using density functional computations to exploit their potential applications as gas sensors.",0,274,true,"The DFT study explicitly investigates doped/defective graphene variants and reports differing adsorption/transport performance. These are directly supported modeled technical structures, not merely generic review scope. A high-priority coverage gap is plausible. Whether modeled designs qualify as disclosures should be made explicit; no logs prove a pipeline error.",unknown; no extraction response or rejection logs supplied
