document_code,document_id,revision_id,openalex_id,title,chunk_count,text_length,chunk_text_length,raw_graphfact_count,hybrid_concept_count,persisted_mention_count,run_status,attempt_count,raw_candidate_count,accepted_candidate_count,accepted_count,rejected_count,acceptance_rate,candidate_metrics_availability,cause_classification,inference_status,extraction_sec_recorded,information_loss
D001,00f9cfc7-459f-4c4d-8131-b425d01527dc,7664effe-8f20-46e8-b694-224b75bea829,W2978128942,"Reduced Graphene Oxide/Mesoporous ZnO NSs Hybrid Fibers for Flexible, Stretchable, Twisted, and Wearable NO2 E-Textile Gas Sensor",2,1490,1489,22,7,7,completed,1,,,7,,,NOT_RECORDED,HAS_PERSISTED_MENTIONS,UNKNOWN,168.18707504599297,Drafts/reasons/per-document counts/provider metadata discarded; accepted_count means unique persisted mentions after deduplication.
D002,0552620e-65ac-43c4-93c4-09b464cf9ade,82af9dbd-3513-4ab5-a3c5-5b3744bce6f4,W2342427247,"Wearable, wireless gas sensors using highly stretchable and transparent structures of nanowires and graphene",1,730,730,14,9,9,completed,1,,,9,,,NOT_RECORDED,HAS_PERSISTED_MENTIONS,UNKNOWN,90.17493297699548,Drafts/reasons/per-document counts/provider metadata discarded; accepted_count means unique persisted mentions after deduplication.
D003,06066c66-1454-4813-b7b7-f366b9956035,7af46631-a38f-430d-a43c-bcfa0dccac9e,W4284897849,"Moisture-resistant, stretchable NOx gas sensors based on laser-induced graphene for environmental monitoring and breath analysis",2,1516,1515,10,11,12,completed,1,,,12,,,NOT_RECORDED,HAS_PERSISTED_MENTIONS,UNKNOWN,179.0755863009981,Drafts/reasons/per-document counts/provider metadata discarded; accepted_count means unique persisted mentions after deduplication.
D004,08d58bd1-a89e-4b70-b817-821df8428bc7,5afc0eeb-3c76-40cf-99be-e70f066beb2b,W2748866382,Microwave-Assisted Synthesis of Graphene–SnO2 Nanocomposites and Their Applications in Gas Sensors,2,1387,1386,12,8,10,completed,1,,,10,,,NOT_RECORDED,HAS_PERSISTED_MENTIONS,UNKNOWN,191.81994298099016,Drafts/reasons/per-document counts/provider metadata discarded; accepted_count means unique persisted mentions after deduplication.
D005,0aefc3c4-7a94-4f46-a092-61c24f82eed8,318c0a03-c4e1-4c52-961a-c393650de4f4,W2143970475,A review of graphene and graphene oxide sponge: material synthesis and applications to energy and the environment,1,916,916,6,9,9,completed,1,,,9,,,NOT_RECORDED,HAS_PERSISTED_MENTIONS,UNKNOWN,77.45565269399958,Drafts/reasons/per-document counts/provider metadata discarded; accepted_count means unique persisted mentions after deduplication.
D006,0cecfdbe-d7a2-44cc-9362-c5c413dcc46d,2f6a6fdf-bbeb-4dad-b8af-aff70b289f04,W2088509039,A 3D scaffold for ultra-sensitive reduced graphene oxide gas sensors,1,324,324,7,5,5,completed,1,,,5,,,NOT_RECORDED,HAS_PERSISTED_MENTIONS,UNKNOWN,66.50333470100304,Drafts/reasons/per-document counts/provider metadata discarded; accepted_count means unique persisted mentions after deduplication.
D007,1012c1e5-ed99-4e3a-ba11-ac77cc359a2e,4c1cdf8f-ad84-4b9d-982a-16a4d7e18614,W1996257604,Highly aligned SnO2 nanorods on graphene sheets for gas sensors,1,848,848,0,12,12,completed,1,,,12,,,NOT_RECORDED,HAS_PERSISTED_MENTIONS,UNKNOWN,97.1410607299913,Drafts/reasons/per-document counts/provider metadata discarded; accepted_count means unique persisted mentions after deduplication.
D008,10c07eba-9d0f-42a9-aeb3-911ec8ccc747,37b1b69d-6826-4cd7-bf1d-37866d6fbb5e,W3206995855,N-doped reduced graphene oxide for room-temperature NO gas sensors,1,1020,1020,5,6,9,completed,1,,,9,,,NOT_RECORDED,HAS_PERSISTED_MENTIONS,UNKNOWN,91.84942070300167,Drafts/reasons/per-document counts/provider metadata discarded; accepted_count means unique persisted mentions after deduplication.
D009,1217ad37-8d52-447f-bf53-7b61ce059613,ac2f4dad-e009-4ae8-bc00-9be1146d8c53,W2056355037,Graphene Oxide Dispersions in Organic Solvents,1,710,710,2,12,12,completed,1,,,12,,,NOT_RECORDED,HAS_PERSISTED_MENTIONS,UNKNOWN,101.25226454000222,Drafts/reasons/per-document counts/provider metadata discarded; accepted_count means unique persisted mentions after deduplication.
D010,136d5083-0254-4930-a35e-88441bb802a0,fbd87a44-35d0-4f51-80d6-39abd117d01f,W4376618059,Room-Temperature Ammonia Gas Sensor Based on Ti3C2Tx MXene/Graphene Oxide/CuO/ZnO Nanocomposite,2,1490,1489,10,0,0,completed,2,,,0,,,NOT_RECORDED,UNKNOWN,UNKNOWN,556.6574872679921,Drafts/reasons/per-document counts/provider metadata discarded; accepted_count means unique persisted mentions after deduplication.
D011,156b15bb-dbd9-4d9d-a871-3c46ae7d5515,978dce12-735d-431e-be83-362972cddcd6,W1276751773,Self-Activated Transparent All-Graphene Gas Sensor with Endurance to Humidity and Mechanical Bending,1,816,816,6,0,0,completed,1,,,0,,,NOT_RECORDED,UNKNOWN,UNKNOWN,75.52954700001283,Drafts/reasons/per-document counts/provider metadata discarded; accepted_count means unique persisted mentions after deduplication.
D012,20376efd-3954-4627-a0f9-768d09825046,be9897e9-7b62-459c-9361-82a519e24f68,W2167087575,Highly selective gas sensor arrays based on thermally reduced graphene oxide,1,1080,1080,3,0,0,completed,1,,,0,,,NOT_RECORDED,UNKNOWN,UNKNOWN,73.48190934800368,Drafts/reasons/per-document counts/provider metadata discarded; accepted_count means unique persisted mentions after deduplication.
D013,218cb72e-a7df-4303-9d9e-e374b6e450d7,a788c29f-8809-4836-9e4d-d4cbe74f0c13,W2318335082,Reduced graphene oxide/ZnO nanocomposite for application in chemical gas sensors,1,147,147,0,3,3,completed,1,,,3,,,NOT_RECORDED,HAS_PERSISTED_MENTIONS,UNKNOWN,72.28300882199255,Drafts/reasons/per-document counts/provider metadata discarded; accepted_count means unique persisted mentions after deduplication.
D014,24b7cbea-bb3a-47fe-af0d-1447f563f093,2005f4f6-3d6b-4b2e-a20e-587db77fde24,W3129375065,A Review on Functionalized Graphene Sensors for Detection of Ammonia,1,888,888,3,11,11,completed,1,,,11,,,NOT_RECORDED,HAS_PERSISTED_MENTIONS,UNKNOWN,68.95280369099055,Drafts/reasons/per-document counts/provider metadata discarded; accepted_count means unique persisted mentions after deduplication.
D015,24e7049e-e304-4bc5-b9b9-e739b7cf5f9c,a0544012-5453-49f4-9d27-7103b0e838a6,W4236825273,Laser-Induced Graphene,3,2679,2677,0,21,23,completed,1,,,23,,,NOT_RECORDED,HAS_PERSISTED_MENTIONS,UNKNOWN,293.87533977600106,Drafts/reasons/per-document counts/provider metadata discarded; accepted_count means unique persisted mentions after deduplication.
D016,28108c5f-75cb-438f-8c84-cadc991d9eb5,277693c5-74b7-41e5-b55e-37a5bf269dc2,W2095429697,Adsorption of gas molecules on transition metal embedded graphene: a search for high-performance graphene-based catalysts and gas sensors,1,890,890,2,11,11,completed,1,,,11,,,NOT_RECORDED,HAS_PERSISTED_MENTIONS,UNKNOWN,77.34815847099526,Drafts/reasons/per-document counts/provider metadata discarded; accepted_count means unique persisted mentions after deduplication.
D017,2860ed7f-a2a8-4e76-9250-e3558d092f23,d80633dc-c57a-4253-8754-29c9366084f5,W2616686898,Gas sensing in 2D materials,2,1213,1212,2,0,0,completed,1,,,0,,,NOT_RECORDED,UNKNOWN,UNKNOWN,49.71468084299704,Drafts/reasons/per-document counts/provider metadata discarded; accepted_count means unique persisted mentions after deduplication.
D018,298b9ec6-547c-4544-ad9b-1d7796ef32c1,c3e96320-21ac-4704-a4fb-19af06571af0,W2164878199,Reduced Graphene Oxide Conjugated Cu2O Nanowire Mesocrystals for High-Performance NO2 Gas Sensor,2,1871,1870,6,0,0,completed,1,,,0,,,NOT_RECORDED,UNKNOWN,UNKNOWN,193.59744628799672,Drafts/reasons/per-document counts/provider metadata discarded; accepted_count means unique persisted mentions after deduplication.
D019,2dab9e82-5d29-40da-b093-b12b1fbde4da,c3cd4135-33ed-473f-a24d-9c3bf736b0e9,W2076475450,Graphene-based gas sensors,1,569,569,0,7,7,completed,1,,,7,,,NOT_RECORDED,HAS_PERSISTED_MENTIONS,UNKNOWN,69.22165477300587,Drafts/reasons/per-document counts/provider metadata discarded; accepted_count means unique persisted mentions after deduplication.
D020,2ebddf68-fb9c-46be-873c-9d7e19b32af5,4cecca96-6807-47e2-9ca0-97769864eb1e,W2053573257,Temperature and thickness dependence of the sensitivity of nitrogen dioxide graphene gas sensors modified by atomic layer deposited zinc oxide films,1,270,270,1,0,0,completed,1,,,0,,,NOT_RECORDED,UNKNOWN,UNKNOWN,68.82270351699844,Drafts/reasons/per-document counts/provider metadata discarded; accepted_count means unique persisted mentions after deduplication.
D021,2f7fb8d1-42b1-433b-9091-7d13fc6493b1,48ba5b53-f32b-43a8-ae85-ea7232a2975d,W2936896595,"Synthesis, properties, and applications of graphene oxide/reduced graphene oxide and their nanocomposites",1,954,954,8,9,9,completed,1,,,9,,,NOT_RECORDED,HAS_PERSISTED_MENTIONS,UNKNOWN,66.56216146700899,Drafts/reasons/per-document counts/provider metadata discarded; accepted_count means unique persisted mentions after deduplication.
D022,2fffa4e2-bc98-4639-a657-e9071f8d65f8,a3e894f8-6038-4f34-afcd-abd0dac7afa5,W2060512241,Adsorption of Gas Molecules on Graphene Nanoribbons and Its Implication for Nanoscale Molecule Sensor,1,685,685,2,9,9,completed,1,,,9,,,NOT_RECORDED,HAS_PERSISTED_MENTIONS,UNKNOWN,89.35252580798988,Drafts/reasons/per-document counts/provider metadata discarded; accepted_count means unique persisted mentions after deduplication.
D023,3263deed-de40-4cc0-bf0f-e980647f6535,59a10538-663c-4715-b18e-1868af20a2e4,W2138183388,Biological and chemical sensors based on graphene materials,1,861,861,0,0,0,completed,1,,,0,,,NOT_RECORDED,UNKNOWN,UNKNOWN,74.35781612400024,Drafts/reasons/per-document counts/provider metadata discarded; accepted_count means unique persisted mentions after deduplication.
D024,3a5a587d-5ddf-49b9-aa34-bd081fb0d04b,95f3f5a0-077c-4f5d-859f-37fc344f12f0,W1967752584,Porous Graphene as the Ultimate Membrane for Gas Separation,2,1274,1273,3,4,12,completed,1,,,12,,,NOT_RECORDED,HAS_PERSISTED_MENTIONS,UNKNOWN,115.29510617601045,Drafts/reasons/per-document counts/provider metadata discarded; accepted_count means unique persisted mentions after deduplication.
D025,3c6c7dee-038f-4e1a-a3be-1f829a96ebdd,2376d87c-359e-427e-8d73-2eaf5638baf9,W1919056245,Hydrogen gas sensor based on metal oxide nanoparticles decorated graphene transistor,1,1088,1088,2,0,0,completed,1,,,0,,,NOT_RECORDED,UNKNOWN,UNKNOWN,66.02385393700388,Drafts/reasons/per-document counts/provider metadata discarded; accepted_count means unique persisted mentions after deduplication.
D026,3df9cd7a-940f-400e-b03a-a72459a5558f,3ed28d1a-4b30-4ea4-bf03-3a69308fb8ba,W2785184816,Metallic Ti3C2T x MXene Gas Sensors with Ultrahigh Signal-to-Noise Ratio,1,1087,1087,1,12,12,completed,1,,,12,,,NOT_RECORDED,HAS_PERSISTED_MENTIONS,UNKNOWN,80.72072427799867,Drafts/reasons/per-document counts/provider metadata discarded; accepted_count means unique persisted mentions after deduplication.
D027,3fb867af-6db1-45a4-8ff8-974292ac5ce1,bda6c71e-512c-46fd-9870-2c12c09cc7fd,W645444157,Graphene-Based Long-Period Fiber Grating Surface Plasmon Resonance Sensor for High-Sensitivity Gas Sensing,1,885,885,5,1,1,completed,1,,,1,,,NOT_RECORDED,HAS_PERSISTED_MENTIONS,UNKNOWN,15.296854041007464,Drafts/reasons/per-document counts/provider metadata discarded; accepted_count means unique persisted mentions after deduplication.
D028,4321f854-bd6e-4799-a118-a50733440314,e4ba7be0-b5d7-4fd4-b42f-918fa6ac55cc,W3135157331,Recent Developments in Graphene-Based Toxic Gas Sensors: A Theoretical Overview,2,1224,1223,3,0,0,completed,1,,,0,,,NOT_RECORDED,UNKNOWN,UNKNOWN,146.85314266500063,Drafts/reasons/per-document counts/provider metadata discarded; accepted_count means unique persisted mentions after deduplication.
D029,4a17444d-09e0-4cad-becb-0ad9e9a95b73,94abe07d-65fd-4ac6-96c3-0c65e777ed09,W2965196630,NO2 and NH3 Sensing Characteristics of Inkjet Printing Graphene Gas Sensors,1,988,988,3,0,0,completed,1,,,0,,,NOT_RECORDED,UNKNOWN,UNKNOWN,72.2584504109982,Drafts/reasons/per-document counts/provider metadata discarded; accepted_count means unique persisted mentions after deduplication.
D030,4b75c865-01cf-4348-ae21-baf91df52a12,a2a3fa69-33ab-4736-8977-7ec9ffa56161,W2343956044,Flexible Transparent Reduced Graphene Oxide Sensor Coupled with Organic Dye Molecules for Rapid Dual‐Mode Ammonia Gas Detection,1,1178,1178,4,7,9,completed,1,,,9,,,NOT_RECORDED,HAS_PERSISTED_MENTIONS,UNKNOWN,77.74754757300252,Drafts/reasons/per-document counts/provider metadata discarded; accepted_count means unique persisted mentions after deduplication.
D031,50aabd72-3718-40d0-b0e9-b145f6ec6d6d,706c5cc2-2e33-4c61-b54c-701b27dd1ad3,W2972014194,Penta-Graphene as a Potential Gas Sensor for NOx Detection,2,1269,1268,2,13,15,completed,1,,,15,,,NOT_RECORDED,HAS_PERSISTED_MENTIONS,UNKNOWN,188.4792400639999,Drafts/reasons/per-document counts/provider metadata discarded; accepted_count means unique persisted mentions after deduplication.
D032,5c25b3c9-cc53-4db3-a4b2-9b9e58f70a32,317c8633-5eab-4577-a1fd-ce89952f6b52,W3004352145,Graphene-Based Gas Sensors with High Sensitivity and Minimal Sensor-to-Sensor Variation,2,1643,1642,3,12,12,completed,1,,,12,,,NOT_RECORDED,HAS_PERSISTED_MENTIONS,UNKNOWN,194.45304070299608,Drafts/reasons/per-document counts/provider metadata discarded; accepted_count means unique persisted mentions after deduplication.
D033,5d98bb43-ab4b-458a-86bc-0d4b88145cb7,3f586c97-2888-4aeb-b9db-05d15348b6ad,W3026327090,Graphene-Based Hydrogen Gas Sensors: A Review,1,905,905,4,11,11,completed,1,,,11,,,NOT_RECORDED,HAS_PERSISTED_MENTIONS,UNKNOWN,126.23661877399718,Drafts/reasons/per-document counts/provider metadata discarded; accepted_count means unique persisted mentions after deduplication.
D034,5df9a10b-804f-4bac-accb-a23fd2e2d2e0,970b47f4-9c95-467c-a4b1-e91d96b6f10a,W1981902104,Graphene-based gas sensor: metal decoration effect and application to a flexible device,1,163,163,1,6,6,completed,1,,,6,,,NOT_RECORDED,HAS_PERSISTED_MENTIONS,UNKNOWN,100.20647113199811,Drafts/reasons/per-document counts/provider metadata discarded; accepted_count means unique persisted mentions after deduplication.
D035,5f698fb2-5265-4343-a012-0c0fb3c6e9c4,6612f9ab-0007-4924-a4da-dc7e0bafdba3,W2460838568,B–N@Graphene: Highly Sensitive and Selective Gas Sensor,1,646,646,1,0,0,completed,1,,,0,,,NOT_RECORDED,UNKNOWN,UNKNOWN,125.67765186500037,Drafts/reasons/per-document counts/provider metadata discarded; accepted_count means unique persisted mentions after deduplication.
D036,60564d96-782a-4b13-a6ba-e3cd057dbdba,0f0d8193-80c3-4ff0-8744-8bbea0631dbd,W2333216006,Graphene-Based Chemical Sensors,1,959,959,6,2,3,completed,1,,,3,,,NOT_RECORDED,HAS_PERSISTED_MENTIONS,UNKNOWN,107.17125184800534,Drafts/reasons/per-document counts/provider metadata discarded; accepted_count means unique persisted mentions after deduplication.
D037,64a8690b-db4c-44ec-bd4a-926f3afabbb1,1c9d5fc9-f67c-4547-b50c-0e2b27e0cec3,W2031873156,Graphene sheets decorated with SnO2 nanoparticles: in situ synthesis and highly efficient materials for cataluminescence gas sensors,1,1050,1050,3,9,11,completed,1,,,11,,,NOT_RECORDED,HAS_PERSISTED_MENTIONS,UNKNOWN,134.1910776399891,Drafts/reasons/per-document counts/provider metadata discarded; accepted_count means unique persisted mentions after deduplication.
D038,6a675d0d-8256-4c8f-b2ae-7c95c1bcabf8,b6535766-c337-4abd-9925-8381f0acc7fa,W2799657301,3D Architectured Graphene/Metal Oxide Hybrids for Gas Sensors: A Review,1,997,997,2,8,9,completed,1,,,9,,,NOT_RECORDED,HAS_PERSISTED_MENTIONS,UNKNOWN,102.97715479800536,Drafts/reasons/per-document counts/provider metadata discarded; accepted_count means unique persisted mentions after deduplication.
D039,6f1fea7f-0d19-4f8a-99cc-842e0fa30c78,6d22a88c-34c3-4c67-b9e5-6b697942e922,W2898341701,"2D Materials for Gas Sensing Applications: A Review on Graphene Oxide, MoS2, WS2 and Phosphorene",2,1583,1582,3,0,0,completed,1,,,0,,,NOT_RECORDED,UNKNOWN,UNKNOWN,165.4814319799916,Drafts/reasons/per-document counts/provider metadata discarded; accepted_count means unique persisted mentions after deduplication.
D040,704d0fb4-dc04-4a88-ab73-ab9204758f98,6af55266-4d07-48b0-8540-e27c75e2b857,W2144690954,Ammonia gas sensors based on chemically reduced graphene oxide sheets self-assembled on Au electrodes,2,1344,1343,1,0,0,completed,1,,,0,,,NOT_RECORDED,UNKNOWN,UNKNOWN,291.41698489499686,Drafts/reasons/per-document counts/provider metadata discarded; accepted_count means unique persisted mentions after deduplication.
D041,70b57363-3591-4f4b-a1a9-d0f8987b6b80,6157efd9-fab8-401a-8da8-229bdcd8932f,W2178763567,A Review on Graphene-Based Gas/Vapor Sensors with Unique Properties and Potential Applications,1,817,817,0,11,11,completed,1,,,11,,,NOT_RECORDED,HAS_PERSISTED_MENTIONS,UNKNOWN,124.99157178199675,Drafts/reasons/per-document counts/provider metadata discarded; accepted_count means unique persisted mentions after deduplication.
D042,75f1a531-496e-44ff-9a26-97fd0b24dd90,fd3e8337-cb3f-46ee-b7d1-13ced4632d36,W3080164955,Pt-doped armchair graphene nanoribbon as a promising gas sensor for CO and CO2: DFT study,2,1454,1453,2,5,5,completed,1,,,5,,,NOT_RECORDED,HAS_PERSISTED_MENTIONS,UNKNOWN,192.45696954100276,Drafts/reasons/per-document counts/provider metadata discarded; accepted_count means unique persisted mentions after deduplication.
D043,7ab3543e-3bdf-4320-880f-3590b26aa4b6,9330498b-5550-4f2b-b796-2f0eacea64dd,W3109385342,"Semiconductor Gas Sensors: Materials, Technology, Design, and Application",2,1344,1343,10,16,16,completed,1,,,16,,,NOT_RECORDED,HAS_PERSISTED_MENTIONS,UNKNOWN,168.06862891701167,Drafts/reasons/per-document counts/provider metadata discarded; accepted_count means unique persisted mentions after deduplication.
D044,7b42a401-891b-48e3-a681-bd9e3f5fd8cb,907f570d-654d-4d97-8f4c-612c2ed84989,W2407642170,Hierarchical graphene–polyaniline nanocomposite films for high-performance flexible electronic gas sensors,2,1495,1494,4,10,10,completed,1,,,10,,,NOT_RECORDED,HAS_PERSISTED_MENTIONS,UNKNOWN,138.05283796801814,Drafts/reasons/per-document counts/provider metadata discarded; accepted_count means unique persisted mentions after deduplication.
D045,7b462286-ce94-41ea-b031-543d6aaef0f2,1c23d08f-1b37-4fe9-b84f-2d1671faf6f9,W1982563532,"Gas adsorption on graphene doped with B, N, Al, and S: A theoretical study",1,550,550,5,0,0,completed,1,,,0,,,NOT_RECORDED,UNKNOWN,UNKNOWN,79.7312564849999,Drafts/reasons/per-document counts/provider metadata discarded; accepted_count means unique persisted mentions after deduplication.
D046,7c4e84e8-09c5-4150-849e-7a21493a18db,ae7debc9-5bea-49d3-8370-2eb361fa3f50,W2900239789,Graphene-enhanced metal oxide gas sensors at room temperature: a review,1,1119,1119,2,9,12,completed,1,,,12,,,NOT_RECORDED,HAS_PERSISTED_MENTIONS,UNKNOWN,115.20379465499718,Drafts/reasons/per-document counts/provider metadata discarded; accepted_count means unique persisted mentions after deduplication.
D047,7c663f65-65c2-4e27-8840-bf5bdb960cb0,2ea02654-5f2e-4c9e-911f-3e5a53f87524,W2258216339,Ultrasensitive and Highly Selective Graphene-Based Single Yarn for Use in Wearable Gas Sensor,1,817,817,4,12,12,completed,1,,,12,,,NOT_RECORDED,HAS_PERSISTED_MENTIONS,UNKNOWN,81.58292958799575,Drafts/reasons/per-document counts/provider metadata discarded; accepted_count means unique persisted mentions after deduplication.
D048,7e8119f4-3272-488b-a741-a7b4abb14a69,fb67e4c5-00fe-4c1f-98e8-b2286054a0b7,W2024227324,"Science and technology roadmap for graphene, related two-dimensional crystals, and hybrid systems",1,859,859,0,0,0,completed,1,,,0,,,NOT_RECORDED,UNKNOWN,UNKNOWN,53.04474813900015,Drafts/reasons/per-document counts/provider metadata discarded; accepted_count means unique persisted mentions after deduplication.
D049,7f51377e-2cb1-46a3-9bff-19b03dd7f25b,7ce34462-5287-40ef-b6c9-032bbaf5e8c4,W2116442239,Properties of graphene: a theoretical perspective,3,2920,2918,4,23,24,completed,1,,,24,,,NOT_RECORDED,HAS_PERSISTED_MENTIONS,UNKNOWN,289.395623318007,Drafts/reasons/per-document counts/provider metadata discarded; accepted_count means unique persisted mentions after deduplication.
D050,87775318-a9f1-457c-891c-6d910ac56175,f3937e44-f446-490b-8c4e-7b95768fca8a,W2088861830,Flexible room-temperature NO2 gas sensors based on carbon nanotubes/reduced graphene hybrid films,1,746,746,6,5,6,completed,1,,,6,,,NOT_RECORDED,HAS_PERSISTED_MENTIONS,UNKNOWN,82.41081741800008,Drafts/reasons/per-document counts/provider metadata discarded; accepted_count means unique persisted mentions after deduplication.
D051,878586e5-bf5c-4fcf-91db-5c64bb999ec8,f04d4a0a-cfb7-4e3b-aab5-3402eab333b0,W2736441330,Mechanical properties of graphene and graphene-based nanocomposites,2,1424,1423,1,12,12,completed,1,,,12,,,NOT_RECORDED,HAS_PERSISTED_MENTIONS,UNKNOWN,146.45521842100425,Drafts/reasons/per-document counts/provider metadata discarded; accepted_count means unique persisted mentions after deduplication.
D052,88e8a18b-f7b8-4366-9ffc-ffbc1655b882,1b9dcf35-e17f-4d7c-b354-5451c582eae6,W2285979304,Sensitive Room-Temperature H2S Gas Sensors Employing SnO2 Quantum Wire/Reduced Graphene Oxide Nanocomposites,2,1252,1251,9,4,4,completed,1,,,4,,,NOT_RECORDED,HAS_PERSISTED_MENTIONS,UNKNOWN,161.8868515070062,Drafts/reasons/per-document counts/provider metadata discarded; accepted_count means unique persisted mentions after deduplication.
D053,895f3ff1-5a2d-4c4f-b146-bfa105dd2639,608b8803-0460-4606-a870-e3251f1c2146,W2127824358,Reduced graphene oxide for room-temperature gas sensors,1,1144,1144,3,12,12,completed,1,,,12,,,NOT_RECORDED,HAS_PERSISTED_MENTIONS,UNKNOWN,104.11575091800478,Drafts/reasons/per-document counts/provider metadata discarded; accepted_count means unique persisted mentions after deduplication.
D054,8a635573-0311-4947-85e8-fc9dfee4ef43,c64c7638-3973-43dd-878d-e4927d911162,W2761284455,3D integrated monolayer graphene–Si CMOS RF gas sensor platform,1,1180,1180,9,1,2,completed,1,,,2,,,NOT_RECORDED,HAS_PERSISTED_MENTIONS,UNKNOWN,119.17547198399552,Drafts/reasons/per-document counts/provider metadata discarded; accepted_count means unique persisted mentions after deduplication.
D055,8d2f77a0-7e7c-45f8-a36e-7be49395ee43,a4f3c68a-b785-4e2d-8833-fd2c79a8b6de,W2169767991,Graphene: carbon in two dimensions,1,797,797,2,9,9,completed,1,,,9,,,NOT_RECORDED,HAS_PERSISTED_MENTIONS,UNKNOWN,66.65831375600828,Drafts/reasons/per-document counts/provider metadata discarded; accepted_count means unique persisted mentions after deduplication.
D056,8f9fc5ae-0c9f-466e-96e6-7a1af0a80a87,3a4efa5b-fe48-4f3a-85bb-549dff834b39,W2041858177,"Adsorption of H 2 O , N H 3 , CO, N O 2 , and NO on graphene: A first-principles study",1,739,739,2,12,12,completed,1,,,12,,,NOT_RECORDED,HAS_PERSISTED_MENTIONS,UNKNOWN,153.12714312699973,Drafts/reasons/per-document counts/provider metadata discarded; accepted_count means unique persisted mentions after deduplication.
D057,92b288c5-a152-43a5-9faa-6d235ae9afb7,3865928b-7d9f-4fd4-87da-04640748254f,W2082723121,High sensitive quasi freestanding epitaxial graphene gas sensor on 6H-SiC,1,608,608,3,7,7,completed,1,,,7,,,NOT_RECORDED,HAS_PERSISTED_MENTIONS,UNKNOWN,96.76888589200098,Drafts/reasons/per-document counts/provider metadata discarded; accepted_count means unique persisted mentions after deduplication.
D058,95ad40b5-46f9-4654-bdd2-96e396478d6c,5d78f622-9582-4379-86bc-349d581c6c09,W2752122312,Flexible Graphene-Based Wearable Gas and Chemical Sensors,2,1945,1944,7,0,0,completed,1,,,0,,,NOT_RECORDED,UNKNOWN,UNKNOWN,180.11807605900685,Drafts/reasons/per-document counts/provider metadata discarded; accepted_count means unique persisted mentions after deduplication.
D059,95caebbb-a861-49f1-a707-2bf74b2c9a8b,d2df74ff-b9a9-41ea-9b26-ced2f6940160,W2570626050,Noble Metal Decorated Graphene-Based Gas Sensors and Their Fabrication: A Review,1,899,899,0,8,10,completed,1,,,10,,,NOT_RECORDED,HAS_PERSISTED_MENTIONS,UNKNOWN,88.34924180999224,Drafts/reasons/per-document counts/provider metadata discarded; accepted_count means unique persisted mentions after deduplication.
D060,96575fc6-1212-4cb1-889f-179dd9515854,61ce4e43-1d79-4cee-af6c-43026828532a,W2284579279,Enhanced sensitivity of graphene ammonia gas sensors using molecular doping,1,745,745,3,12,12,completed,1,,,12,,,NOT_RECORDED,HAS_PERSISTED_MENTIONS,UNKNOWN,86.32875113400223,Drafts/reasons/per-document counts/provider metadata discarded; accepted_count means unique persisted mentions after deduplication.
D061,99232d89-6fe1-4045-b661-0e1203a448d8,e32a9243-72d8-4bef-82ee-bed2289e77c0,W2003522292,A Highly Sensitive Hydrogen Sensor with Gas Selectivity Using a PMMA Membrane-Coated Pd Nanoparticle/Single-Layer Graphene Hybrid,1,1142,1142,6,11,11,completed,1,,,11,,,NOT_RECORDED,HAS_PERSISTED_MENTIONS,UNKNOWN,88.52447561400186,Drafts/reasons/per-document counts/provider metadata discarded; accepted_count means unique persisted mentions after deduplication.
D062,9d8f4109-bb2e-42ab-8894-2304187b181b,f72d4778-c968-4658-b98d-c45d8f925011,W4387884847,Graphene-based chemiresistive gas sensors,1,1098,1098,1,12,12,completed,1,,,12,,,NOT_RECORDED,HAS_PERSISTED_MENTIONS,UNKNOWN,88.77419959499093,Drafts/reasons/per-document counts/provider metadata discarded; accepted_count means unique persisted mentions after deduplication.
D063,9e83b80f-5ab2-411c-b800-3f6eac578f51,0038a0ff-85d0-465c-995f-640533102966,W3091315741,A Review of Inkjet Printed Graphene and Carbon Nanotubes Based Gas Sensors,1,1053,1053,5,0,0,completed,1,,,0,,,NOT_RECORDED,UNKNOWN,UNKNOWN,97.00244733400177,Drafts/reasons/per-document counts/provider metadata discarded; accepted_count means unique persisted mentions after deduplication.
D064,a5c41f35-df49-4f31-95dd-394405e4c276,c2668875-4dc9-4f36-a3cb-e43b66673923,W2038843379,Ultrafast and sensitive room temperature NH3 gas sensors based on chemically reduced graphene oxide,1,841,841,0,7,11,completed,1,,,11,,,NOT_RECORDED,HAS_PERSISTED_MENTIONS,UNKNOWN,100.12961924199772,Drafts/reasons/per-document counts/provider metadata discarded; accepted_count means unique persisted mentions after deduplication.
D065,a699dfba-8207-41f9-a491-43a360e40cd9,35ac4a5b-05aa-493c-b96d-a1935663963f,W2083254069,High sensitive formaldehyde graphene gas sensor modified by atomic layer deposition zinc oxide films,1,804,804,5,0,0,completed,1,,,0,,,NOT_RECORDED,UNKNOWN,UNKNOWN,148.0725013229967,Drafts/reasons/per-document counts/provider metadata discarded; accepted_count means unique persisted mentions after deduplication.
D066,a7588c01-0b42-40c2-8e08-86a056819ce7,914db217-93ce-4752-b77f-457a4fb16137,W2233797376,Studies of Reduced Graphene Oxide and Graphite Oxide in the Aspect of Their Possible Application in Gas Sensors,1,968,968,5,12,12,completed,1,,,12,,,NOT_RECORDED,HAS_PERSISTED_MENTIONS,UNKNOWN,102.63428549800301,Drafts/reasons/per-document counts/provider metadata discarded; accepted_count means unique persisted mentions after deduplication.
D067,acd6003a-13ec-4bce-87f5-cec1c79eabb3,3b61aa4c-aa18-4298-823b-473b8ecc43a6,W3009352661,Epitaxial graphene gas sensors on SiC substrate with high sensitivity,1,669,669,3,9,9,completed,1,,,9,,,NOT_RECORDED,HAS_PERSISTED_MENTIONS,UNKNOWN,79.9120443819993,Drafts/reasons/per-document counts/provider metadata discarded; accepted_count means unique persisted mentions after deduplication.
D068,b102c67e-e167-49c6-a3cf-5c14d31d8fc1,92e8fd81-3dcc-4b98-a485-c6e98506c30d,W2738950220,Highly sensitive and rapidly responding room-temperature NO2 gas sensors based on WO3 nanorods/sulfonated graphene nanocomposites,2,1280,1279,9,0,0,completed,1,,,0,,,NOT_RECORDED,UNKNOWN,UNKNOWN,238.87166828299814,Drafts/reasons/per-document counts/provider metadata discarded; accepted_count means unique persisted mentions after deduplication.
D069,b5e40c7d-735b-411c-b69b-1cb38751ddb4,5967d42f-3bfb-46d1-9892-30c69f4cc320,W2312656922,Palladium-Decorated Hydrogen-Gas Sensors Using Periodically Aligned Graphene Nanoribbons,1,910,910,3,0,0,completed,1,,,0,,,NOT_RECORDED,UNKNOWN,UNKNOWN,79.3427918820089,Drafts/reasons/per-document counts/provider metadata discarded; accepted_count means unique persisted mentions after deduplication.
D070,b652e00f-7ac8-4b37-b370-272e2482d67f,f7ec54a9-2c0c-49b4-9795-24258524c956,W2922177019,Laser-Induced Graphene for Flexible and Embeddable Gas Sensors,1,956,956,14,11,12,completed,1,,,12,,,NOT_RECORDED,HAS_PERSISTED_MENTIONS,UNKNOWN,138.97429597699374,Drafts/reasons/per-document counts/provider metadata discarded; accepted_count means unique persisted mentions after deduplication.
D071,b825539d-f4bb-4d21-a5d2-0f535b15eb49,9d7cba7b-66c7-4358-bd21-00678a487230,W3008019330,Graphene-based Materials in Gas Sensor Applications: A Review,2,1203,1202,2,11,12,completed,1,,,12,,,NOT_RECORDED,HAS_PERSISTED_MENTIONS,UNKNOWN,104.45221180599765,Drafts/reasons/per-document counts/provider metadata discarded; accepted_count means unique persisted mentions after deduplication.
D072,be036c92-8085-4d4a-a101-f50e7cbc28fc,75c65e76-6c14-431d-83bf-e4a0f343e18e,W2014767715,Room-temperature high-performance acetone gas sensor based on hydrothermal synthesized SnO 2 -reduced graphene oxide hybrid composite,1,152,152,1,2,2,completed,1,,,2,,,NOT_RECORDED,HAS_PERSISTED_MENTIONS,UNKNOWN,71.99198184799752,Drafts/reasons/per-document counts/provider metadata discarded; accepted_count means unique persisted mentions after deduplication.
D073,be88ae5a-4cd1-4568-9792-a9d1eddb56be,199b7455-026c-458b-9a44-3a8da0c0e19b,W3010294696,Frontiers of graphene and 2D material-based gas sensors for environmental monitoring,2,1882,1881,3,12,12,completed,1,,,12,,,NOT_RECORDED,HAS_PERSISTED_MENTIONS,UNKNOWN,184.68339081401064,Drafts/reasons/per-document counts/provider metadata discarded; accepted_count means unique persisted mentions after deduplication.
D074,bfcae593-3cf3-42fd-971a-5521c706cabe,22979e23-3fdd-4759-bf4c-cf7f9ba4fafb,W2105031224,Facile synthesis of novel 3D nanoflower-like CuxO/multilayer graphene composites for room temperature NOx gas sensor application,2,1468,1467,17,12,15,completed,1,,,15,,,NOT_RECORDED,HAS_PERSISTED_MENTIONS,UNKNOWN,279.40685257800214,Drafts/reasons/per-document counts/provider metadata discarded; accepted_count means unique persisted mentions after deduplication.
D075,c04f97a5-b941-4257-b74f-721faa94e982,0b3fed26-d88f-4cc1-a503-6352651cfd64,W2161928223,Molecular Doping of Graphene,2,1264,1263,5,12,12,completed,1,,,12,,,NOT_RECORDED,HAS_PERSISTED_MENTIONS,UNKNOWN,196.07541400799528,Drafts/reasons/per-document counts/provider metadata discarded; accepted_count means unique persisted mentions after deduplication.
D076,c4a02758-57a8-4f3c-9191-6281afef84fe,b3424976-6591-4bfd-9afa-36677f295b47,W2131332085,"ZnO nanorods on reduced graphene sheets with excellent field emission, gas sensor and photocatalytic properties",2,1365,1364,4,7,7,completed,1,,,7,,,NOT_RECORDED,HAS_PERSISTED_MENTIONS,UNKNOWN,162.90604450998944,Drafts/reasons/per-document counts/provider metadata discarded; accepted_count means unique persisted mentions after deduplication.
D077,c55aaeb6-0dd1-4c6e-a62c-b0078257c9f2,8807c2d8-cb62-4a53-ae79-88a90e0c6f4b,W3133399150,Reduced Graphene Oxide (rGO)-Loaded Metal-Oxide Nanofiber Gas Sensors: An Overview,1,702,702,4,5,6,completed,1,,,6,,,NOT_RECORDED,HAS_PERSISTED_MENTIONS,UNKNOWN,50.45850261900341,Drafts/reasons/per-document counts/provider metadata discarded; accepted_count means unique persisted mentions after deduplication.
D078,c56c60ec-74f3-44d5-83e6-f83d87b921f5,85c8c16f-76e7-45fb-a9b2-6124974a51e9,W4210343955,Ultrasensitive N-Channel Graphene Gas Sensors by Nondestructive Molecular Doping,2,1686,1685,3,10,12,completed,1,,,12,,,NOT_RECORDED,HAS_PERSISTED_MENTIONS,UNKNOWN,212.7882241299958,Drafts/reasons/per-document counts/provider metadata discarded; accepted_count means unique persisted mentions after deduplication.
D079,c5dfdef7-4f8f-455d-8ef1-e24b30dd136f,19706067-aa4d-4d02-a463-1e8dd1295b40,W2945841863,Graphene Decorated with Silver Nanoparticles as a Low-Temperature Methane Gas Sensor,2,1396,1395,6,12,13,completed,1,,,13,,,NOT_RECORDED,HAS_PERSISTED_MENTIONS,UNKNOWN,107.23223212000448,Drafts/reasons/per-document counts/provider metadata discarded; accepted_count means unique persisted mentions after deduplication.
D080,c9984def-b7e0-46b4-a20c-b9abdb6e2c18,9cfa3835-9652-4a8e-8cf0-dc3517ae6238,W2157202716,"Heteroatom-doped graphene materials: syntheses, properties and applications",1,1026,1026,1,0,0,completed,1,,,0,,,NOT_RECORDED,UNKNOWN,UNKNOWN,96.04087322599662,Drafts/reasons/per-document counts/provider metadata discarded; accepted_count means unique persisted mentions after deduplication.
D081,c99f8fc3-6f01-4bf4-bc00-933bbeda27f9,c2aad931-a1eb-4832-9aa0-b1f487efb100,W1988620898,Phosphorene as a Superior Gas Sensor: Selective Adsorption and Distinct I – V Response,2,1391,1390,2,8,8,completed,1,,,8,,,NOT_RECORDED,HAS_PERSISTED_MENTIONS,UNKNOWN,234.0234372440027,Drafts/reasons/per-document counts/provider metadata discarded; accepted_count means unique persisted mentions after deduplication.
D082,d145c9ac-f2af-4f95-a048-4bc61c873bd7,0021da82-939b-48d7-8d6e-8b53f969eaf5,W2563624639,"A 3D Chemically Modified Graphene Hydrogel for Fast, Highly Sensitive, and Selective Gas Sensor",2,1345,1344,3,18,18,completed,1,,,18,,,NOT_RECORDED,HAS_PERSISTED_MENTIONS,UNKNOWN,170.75914211499912,Drafts/reasons/per-document counts/provider metadata discarded; accepted_count means unique persisted mentions after deduplication.
D083,d8fa4f24-71ee-4b88-967c-024021e0043b,40cbcb4e-b2ea-497f-83d6-3808c79acfc9,W2977677425,Ultrahigh Selective Room-Temperature Ammonia Gas Sensor Based on Tin–Titanium Dioxide/reduced Graphene/Carbon Nanotube Nanocomposites by the Solvothermal Method,2,1580,1579,11,20,21,completed,1,,,21,,,NOT_RECORDED,HAS_PERSISTED_MENTIONS,UNKNOWN,185.91228719899664,Drafts/reasons/per-document counts/provider metadata discarded; accepted_count means unique persisted mentions after deduplication.
D084,d9353f7c-7923-4367-bf9f-78451104b2f5,58e3ff7b-0115-48b5-bc95-f681f230bc5a,W2854295798,Research Progress of Gas Sensor Based on Graphene and Its Derivatives: A Review,1,1041,1041,0,0,0,completed,1,,,0,,,NOT_RECORDED,UNKNOWN,UNKNOWN,105.0372506880085,Drafts/reasons/per-document counts/provider metadata discarded; accepted_count means unique persisted mentions after deduplication.
D085,dbf895b0-e07a-40a0-9dde-d2858ff63320,b20c2f59-c365-462f-af99-f7335e15ab7f,W3180216250,Understanding and optimization of graphene gas sensors,2,1384,1383,3,16,19,completed,1,,,19,,,NOT_RECORDED,HAS_PERSISTED_MENTIONS,UNKNOWN,144.68899778000196,Drafts/reasons/per-document counts/provider metadata discarded; accepted_count means unique persisted mentions after deduplication.
D086,dfbf11ae-d233-47e1-bfbf-505e8c2d0594,492a1b53-1647-494e-9c68-09a592c19fe4,W1980451576,Toward Ubiquitous Environmental Gas Sensors—Capitalizing on the Promise of Graphene,1,1133,1133,1,0,0,completed,1,,,0,,,NOT_RECORDED,UNKNOWN,UNKNOWN,224.88220095100405,Drafts/reasons/per-document counts/provider metadata discarded; accepted_count means unique persisted mentions after deduplication.
D087,e07c06f0-da13-404a-b8b9-7112202bcf57,ffb889e9-dc80-4a29-9caf-bc0c05cf95da,W2031311944,Design of advanced porous graphene materials: from graphene nanomesh to 3D architectures,1,1034,1034,4,7,7,completed,1,,,7,,,NOT_RECORDED,HAS_PERSISTED_MENTIONS,UNKNOWN,84.05675927399716,Drafts/reasons/per-document counts/provider metadata discarded; accepted_count means unique persisted mentions after deduplication.
D088,e4a11c17-4a02-4845-9887-a6d113174d38,c7e13140-db25-4e2d-a4ed-0a1c7aa4723c,W2335496883,Graphene Nanomesh As Highly Sensitive Chemiresistor Gas Sensor,2,1724,1723,16,0,0,completed,1,,,0,,,NOT_RECORDED,UNKNOWN,UNKNOWN,148.09554259899596,Drafts/reasons/per-document counts/provider metadata discarded; accepted_count means unique persisted mentions after deduplication.
D089,e5e2825a-81cd-4497-8b78-a2677add0a48,43e52f34-bc11-472f-a87d-86988c6bb04d,W1980835470,High‐Performance NO 2 Sensors Based on Chemically Modified Graphene,1,413,413,2,6,6,completed,1,,,6,,,NOT_RECORDED,HAS_PERSISTED_MENTIONS,UNKNOWN,99.23983381800645,Drafts/reasons/per-document counts/provider metadata discarded; accepted_count means unique persisted mentions after deduplication.
D090,e61dd295-666c-4963-bb18-eac28a02fe12,8b04e3fc-26f8-4689-9764-c9c2826f4825,W2293999363,Free‐Standing Functionalized Graphene Oxide Solid Electrolytes in Electrochemical Gas Sensors,1,779,779,2,10,10,completed,1,,,10,,,NOT_RECORDED,HAS_PERSISTED_MENTIONS,UNKNOWN,131.37647632299922,Drafts/reasons/per-document counts/provider metadata discarded; accepted_count means unique persisted mentions after deduplication.
D091,e6844a28-6617-497a-bbdb-62545365b18d,b9727eb6-6a62-4734-b5c7-d4b76559d090,W2169503583,Nanostructured Pt decorated graphene and multi walled carbon nanotube based room temperature hydrogen gas sensor,1,757,757,4,0,0,completed,1,,,0,,,NOT_RECORDED,UNKNOWN,UNKNOWN,134.75779562800017,Drafts/reasons/per-document counts/provider metadata discarded; accepted_count means unique persisted mentions after deduplication.
D092,ea87c55e-72ef-439c-aa6b-7285edc49095,19bedd9d-3827-402c-894b-e8ca762ecff7,W1994481181,Improving gas sensing properties of graphene by introducing dopants and defects: a first-principles study,1,1191,1191,0,0,0,completed,1,,,0,,,NOT_RECORDED,UNKNOWN,UNKNOWN,93.54514108200965,Drafts/reasons/per-document counts/provider metadata discarded; accepted_count means unique persisted mentions after deduplication.
D093,ed63ad4b-96aa-4ba5-a8fa-581f76e5723d,ab07453e-131f-4424-a7d8-787b08f59f40,W2790839816,Optical Graphene Gas Sensors Based on Microfibers: A Review,1,803,803,1,5,6,completed,1,,,6,,,NOT_RECORDED,HAS_PERSISTED_MENTIONS,UNKNOWN,82.47531139600324,Drafts/reasons/per-document counts/provider metadata discarded; accepted_count means unique persisted mentions after deduplication.
D094,ee5ad392-f96f-4241-b1c9-844477b87925,0b0d6dd2-bd4e-4432-95ef-aa190b32622d,W4403961457,Laser-induced graphene gas sensors for environmental monitoring,2,1659,1658,7,11,11,completed,1,,,11,,,NOT_RECORDED,HAS_PERSISTED_MENTIONS,UNKNOWN,117.2455547080026,Drafts/reasons/per-document counts/provider metadata discarded; accepted_count means unique persisted mentions after deduplication.
D095,ef6d522b-b248-4438-abae-289b176b9968,323787f0-5de4-482a-bea3-b02b5a397923,W1997462942,High Sensitivity Gas Detection Using a Macroscopic Three-Dimensional Graphene Foam Network,1,1126,1126,2,9,10,completed,1,,,10,,,NOT_RECORDED,HAS_PERSISTED_MENTIONS,UNKNOWN,91.48194565300946,Drafts/reasons/per-document counts/provider metadata discarded; accepted_count means unique persisted mentions after deduplication.
D096,f13d2b75-dc3f-474d-975b-894e77fc79d4,ab5a4394-9889-4f98-a89c-c8b102b8bc0f,W3016456929,Progress in the functional modification of graphene/graphene oxide: a review,1,864,864,3,8,8,completed,1,,,8,,,NOT_RECORDED,HAS_PERSISTED_MENTIONS,UNKNOWN,70.66674487099226,Drafts/reasons/per-document counts/provider metadata discarded; accepted_count means unique persisted mentions after deduplication.
D097,f1c4d560-678f-4ead-af98-f670b31ac562,0601856a-895b-43e6-be4c-dd2b0af16f9e,W2017626781,Highly Sensitive and Selective Gas Sensor Using Hydrophilic and Hydrophobic Graphenes,1,933,933,5,0,0,completed,1,,,0,,,NOT_RECORDED,UNKNOWN,UNKNOWN,108.35669394000433,Drafts/reasons/per-document counts/provider metadata discarded; accepted_count means unique persisted mentions after deduplication.
D098,f788f5fa-e284-4d65-8241-8210291c488c,2bcf0c3f-6d14-457e-8665-3d0dd2993393,W2074378463,In Situ Polymerization Deposition of Porous Conducting Polymer on Reduced Graphene Oxide for Gas Sensor,1,875,875,2,8,11,completed,1,,,11,,,NOT_RECORDED,HAS_PERSISTED_MENTIONS,UNKNOWN,83.8329014720075,Drafts/reasons/per-document counts/provider metadata discarded; accepted_count means unique persisted mentions after deduplication.
D099,f7baaf79-a130-4329-9f84-6d80e77835a2,1c4006c8-38ad-4661-9f66-a1ad9917069b,W2008068390,Graphene/mica based ammonia gas sensors,1,652,652,3,6,7,completed,1,,,7,,,NOT_RECORDED,HAS_PERSISTED_MENTIONS,UNKNOWN,48.23464568199415,Drafts/reasons/per-document counts/provider metadata discarded; accepted_count means unique persisted mentions after deduplication.
D100,fd94b094-5144-4e96-acd5-de555c2bb84a,330135c0-1440-4a43-bdc8-f702efcb86be,W1999206703,Flexible and Transparent Gas Molecule Sensor Integrated with Sensing and Heating Graphene Layers,1,1139,1139,5,12,12,completed,1,,,12,,,NOT_RECORDED,HAS_PERSISTED_MENTIONS,UNKNOWN,82.63794139301172,Drafts/reasons/per-document counts/provider metadata discarded; accepted_count means unique persisted mentions after deduplication.
