rank,concept_id,concept_type,canonical_name,document_degree,mention_count,document_codes,classification,review_note
1,5e6cd43608c49ac3eae06377c55de19b9b7029636c11f664571805d532f593a5,ANALYTE,NO2,19,20,D001; D005; D006; D013; D022; D034; D041; D047; D050; D053; D057; D061; D067; D075; D085; D089; D094; D095; D100,AMBIGUOUS,"Useful analyte identity, but four links (D005/D013/D034/D094) anchor generic gases/gas without NO2 anywhere in their chunks. D061 is negative-response context. Degree 19 overstates supported analyte presence; supported degree 15."
2,bd623df25fa8601571218f78d8b58a05677febd2698756b952245f828771212f,ANALYTE,NH3,14,19,D005; D013; D014; D022; D034; D041; D043; D044; D053; D064; D083; D094; D095; D099,AMBIGUOUS,"Useful analyte identity, but four links (D005/D013/D034/D094) anchor liquids/gas without ammonia/NH3 in their chunks. Supported degree 10 of 14."
3,c2ae6ebeb01cd4159ff60c2c30204981ada859d89b8770888a2e225de64ca39d,PROCESS,sensing,11,15,D026; D030; D037; D038; D043; D050; D064; D079; D093; D095; D100,TOO_GENERIC,"Unqualified sensing ties devices, materials, principles and applications without proving comparable mechanism or performance."
4,076c0b3e2ac5a13cc8925312726de6dc8edaed0dce3dd8ace8fcb2834d5f899f,PROCESS,fabrication,8,8,D002; D019; D043; D052; D064; D079; D093; D094,TOO_GENERIC,Fabrication/ease of fabrication occurs across unrelated processes; no shared fabrication technique required.
5,1733c881362941e9b90b220ee1fffe5a87862949f0a86ee1bc220586cb279c30,PROCESS,adsorption,7,7,D022; D031; D038; D056; D078; D081; D085,TOO_GENERIC,Broad adsorption existence omits analyte/substrate/binding/conditions; insufficient by itself for strong technical similarity.
6,544e30b15728546e951dc20f6e00800094d23ebe9cab7437385b131e415506b6,PROCESS,detection,7,7,D001; D014; D026; D043; D059; D064; D078,TOO_GENERIC,General detection activity spans different analytes and sensor modalities.
7,c3ce2cbd1c31bd55e5f2527211363bb1314e084d4ccd0894c14b0f1ba39decfd,PROCESS,response,7,9,D030; D044; D061; D078; D083; D090; D100,TOO_GENERIC,Response is a performance dimension rather than a specific shared process; qualifiers and quantities differ.
8,4bf71cdad948a564e4853ddad426f985e3b7de60c56d2c9ef29eb6845285cfd1,PROCESS,selectivity,7,7,D013; D014; D034; D059; D089; D090; D094,TOO_GENERIC,"Selectivity is a property/performance dimension, not a process; D013 gas and D094 adsorption quotes do not entail selectivity."
9,e7cebd61aacb4dea7686213c94a698da6dcc945b713e413b183f69233b3c5875,ANALYTE,graphene,6,9,D007; D015; D049; D051; D085; D096,WRONG,"Reviewed quotes describe graphene as sensing/substrate material, not the analyte being detected."
10,8f034f530b4a3f453f5662d98e46a66b80c6a689daf7af5d7f862c8865043146,PROCESS,charge transfer,5,6,D031; D056; D071; D081; D085,USEFUL_SHARED_CONCEPT,"Explicit charge-transfer mechanism in all five documents; substrates/analytes differ, so shared mechanism is not equivalent performance."
11,42c008472eaf0a0545aff603c6cb367ea02d570b9fbdfbfcee1006845d3ffbda,PROCESS,doping,5,5,D062; D067; D073; D075; D085,USEFUL_SHARED_CONCEPT,"Explicit doping concept, with varied dopants and mechanisms retained in local context."
12,3ca8c00b45819f80c876e1a416e24f1028f899f83378c55eb4cb6fb15cfe474f,PROCESS,recovery,5,5,D038; D044; D061; D064; D100,TOO_GENERIC,Generic recovery/response dimension with different methods and times; insufficient as strong mechanism link.
13,328db5e7a462d5a559526507f27d2061a5a0c461544899ff22641e2a0ca39ab4,PROCESS,reduction,5,5,D008; D053; D064; D072; D096,AMBIGUOUS,"Some quotes explicitly name reduction, while D008/D072 ground only reduced graphene oxide material; material state does not by itself ground a preparation process."
14,cd89c4a2e0d9d874a3ad245f83d9f9e122b12726f2526c5c1b84513e4600a948,PROCESS,sensitivity,5,5,D008; D014; D034; D059; D090,TOO_GENERIC,Sensitivity is a property/performance dimension; process typing is misleading and qualifiers differ.
15,4a77059f977e3cad3f21c4c162614e97297074b8fe13b4eec2b651973d5b94af,PROPERTY,selectivity,5,6,D004; D031; D073; D079; D098,TOO_GENERIC,Legitimate comparison dimension but unqualified property occurrence does not imply same target or selectivity behavior.
16,ffe5264be4cf96e7afa9f45804d6327864ca7d344253d4928fd5becec40ef23a,ANALYTE,acetone,4,4,D047; D072; D083; D090,USEFUL_SHARED_CONCEPT,Acetone explicitly appears as target or interferent; those roles must stay distinct.
17,26a376f29d907e9eeb195a20209303e6c5b6cf8c554161267003d7911d5758f4,ANALYTE,graphene oxide,4,4,D009; D021; D071; D096,WRONG,"Quotes describe graphene oxide as material in sensor/conductive networks/dispersion, not detected analyte."
18,03747da16953890d3cefd1a944245b2e73b6b5800a082442349ef3348caf7318,PROCESS,gas_sensing,4,6,D038; D059; D077; D082,TOO_GENERIC,Gas sensing is the general domain of most corpus documents; mechanisms and targets differ.
19,726c80a7f3fdc8aab851af62e5dd8fada6b4dace6d6ece4f5aaaa56d65f3923b,PROCESS,synthesis,4,4,D019; D037; D038; D043,TOO_GENERIC,Bare synthesis includes review scope and different hydrothermal/material preparation techniques.
20,9fa7388b2d5af5fcb3885ee2ddc53777e1ef3dbb8875935513207ec649146792,ANALYTE,CO,3,3,D041; D046; D081,USEFUL_SHARED_CONCEPT,CO explicitly mentioned in all three sources; review-scope and adsorption contexts differ.
21,d3f91af3865c9f107acce96e7875c3e963d9e6029172b16c4d369a54fb99a29a,ANALYTE,H2S,3,3,D007; D041; D052,USEFUL_SHARED_CONCEPT,"H2S explicitly named in all three sources, including review and concrete detection contexts."
22,1a654ade7fe158692975aa175b8355c153047ec60fea309756322b42fc3325b4,MATERIAL,graphene sensors,3,3,D056; D060; D073,WRONG,Graphene sensors are devices; MATERIAL typing fails the concept/type semantic contract.
23,87cf70fb21697befefeb9d8198c9743c8fa246eb3ecc1d7ff25c989f7850dc05,PROCESS,bending,3,3,D001; D044; D050,USEFUL_SHARED_CONCEPT,"Explicit mechanical bending/test process supports a comparison dimension, not equivalent endurance."
24,aefbd8573d424128cc26e977d100e22b85251e4351900e3272993d011f1b22ee,PROCESS,functionalization,3,3,D014; D062; D096,USEFUL_SHARED_CONCEPT,Explicit chemical-functionalization concepts; reviewed chemistries differ.
25,f3685fb43d52f2bb3cc1fa98495a2374c636d83f91f2bb8a91e90df4fb3fcb1b,PROPERTY,sensitivity,3,4,D031; D060; D073,TOO_GENERIC,Valid property but shared occurrence alone conveys no common analyte/value/conditions.
26,6534c2dc98ce272467158d1d2f0a34dc8de56b1f79dbc52e043c19f16b33c0a0,ANALYTE,carbon dioxide,2,2,D066; D083,USEFUL_SHARED_CONCEPT,Carbon dioxide is explicit in both sources; distinct concept from CO2 remains conservatively unmerged.
27,2e90caa21a76bef7ae6d4e0b38af5fdbda063636474b6a801c267b8ad99f345f,ANALYTE,CO2,2,2,D022; D047,USEFUL_SHARED_CONCEPT,CO2/CO 2 is explicit in both sources; identity normalization keeps this separate from carbon dioxide.
28,ed3a2f57aa6e8fb530a3d84a08575427af20a39f9cca0a20c79af1d1a7167986,ANALYTE,hydrogen,2,2,D066; D083,USEFUL_SHARED_CONCEPT,Hydrogen explicitly listed in both source contexts; does not establish equivalent sensing behavior.
29,e5ef5a14ea4dea072125462fdf9e05e89301e449415d671be8dd6c3e8e12f695,ANALYTE,methane,2,3,D027; D079,USEFUL_SHARED_CONCEPT,Methane sensing explicitly grounded in both sources.
30,bf7413ed3db5d1f61848b8935df172be518398ddd3c0f7ca393af1c84dd0fda6,ANALYTE,N2,2,2,D022; D057,USEFUL_SHARED_CONCEPT,"N2 explicitly present; D057 reports negligible sensitivity, which must not become positive detection evidence."
