local_timestamp,http_status,duration_reported,endpoint,document_id,run_id,attribution
2026/10/02 - 18:26:16,200,1m6s,/api/chat,,,TIME_WINDOW_ONLY_NO_REQUEST_ID
2026/10/02 - 18:27:58,200,1m41s,/api/chat,,,TIME_WINDOW_ONLY_NO_REQUEST_ID
2026/10/02 - 18:29:28,200,1m30s,/api/chat,,,TIME_WINDOW_ONLY_NO_REQUEST_ID
2026/10/02 - 18:30:45,200,1m16s,/api/chat,,,TIME_WINDOW_ONLY_NO_REQUEST_ID
2026/10/02 - 18:32:27,200,1m42s,/api/chat,,,TIME_WINDOW_ONLY_NO_REQUEST_ID
2026/10/02 - 18:34:18,200,1m50s,/api/chat,,,TIME_WINDOW_ONLY_NO_REQUEST_ID
2026/10/02 - 18:35:39,200,1m21s,/api/chat,,,TIME_WINDOW_ONLY_NO_REQUEST_ID
2026/10/02 - 18:36:56,200,1m17s,/api/chat,,,TIME_WINDOW_ONLY_NO_REQUEST_ID
2026/10/02 - 18:38:03,200,1m6s,/api/chat,,,TIME_WINDOW_ONLY_NO_REQUEST_ID
2026/10/02 - 18:39:40,200,1m37s,/api/chat,,,TIME_WINDOW_ONLY_NO_REQUEST_ID
2026/10/02 - 18:41:12,200,1m31s,/api/chat,,,TIME_WINDOW_ONLY_NO_REQUEST_ID
2026/10/02 - 18:42:53,200,1m41s,/api/chat,,,TIME_WINDOW_ONLY_NO_REQUEST_ID
2026/10/02 - 18:45:08,200,2m15s,/api/chat,,,TIME_WINDOW_ONLY_NO_REQUEST_ID
2026/10/02 - 18:47:58,200,2m49s,/api/chat,,,TIME_WINDOW_ONLY_NO_REQUEST_ID
2026/10/02 - 18:49:13,200,1m15s,/api/chat,,,TIME_WINDOW_ONLY_NO_REQUEST_ID
2026/10/02 - 18:50:27,200,1m13s,/api/chat,,,TIME_WINDOW_ONLY_NO_REQUEST_ID
2026/10/02 - 18:51:39,200,1m12s,/api/chat,,,TIME_WINDOW_ONLY_NO_REQUEST_ID
2026/10/02 - 18:52:48,200,1m8s,/api/chat,,,TIME_WINDOW_ONLY_NO_REQUEST_ID
2026/10/02 - 18:54:32,200,1m44s,/api/chat,,,TIME_WINDOW_ONLY_NO_REQUEST_ID
2026/10/02 - 18:55:44,200,1m12s,/api/chat,,,TIME_WINDOW_ONLY_NO_REQUEST_ID
2026/10/02 - 18:57:42,200,1m57s,/api/chat,,,TIME_WINDOW_ONLY_NO_REQUEST_ID
2026/10/02 - 18:58:59,200,1m17s,/api/chat,,,TIME_WINDOW_ONLY_NO_REQUEST_ID
2026/10/02 - 18:59:23,200,23.8621316s,/api/chat,,,TIME_WINDOW_ONLY_NO_REQUEST_ID
2026/10/02 - 18:59:49,200,25.8313818s,/api/chat,,,TIME_WINDOW_ONLY_NO_REQUEST_ID
2026/10/02 - 19:02:00,200,2m11s,/api/chat,,,TIME_WINDOW_ONLY_NO_REQUEST_ID
2026/10/02 - 19:03:02,200,1m2s,/api/chat,,,TIME_WINDOW_ONLY_NO_REQUEST_ID
2026/10/02 - 19:04:12,200,1m9s,/api/chat,,,TIME_WINDOW_ONLY_NO_REQUEST_ID
2026/10/02 - 19:05:20,200,1m8s,/api/chat,,,TIME_WINDOW_ONLY_NO_REQUEST_ID
2026/10/02 - 19:06:27,200,1m6s,/api/chat,,,TIME_WINDOW_ONLY_NO_REQUEST_ID
2026/10/02 - 19:07:56,200,1m29s,/api/chat,,,TIME_WINDOW_ONLY_NO_REQUEST_ID
2026/10/02 - 19:09:11,200,1m14s,/api/chat,,,TIME_WINDOW_ONLY_NO_REQUEST_ID
2026/10/02 - 19:10:39,200,1m27s,/api/chat,,,TIME_WINDOW_ONLY_NO_REQUEST_ID
2026/10/02 - 19:11:06,200,27.516516s,/api/chat,,,TIME_WINDOW_ONLY_NO_REQUEST_ID
2026/10/02 - 19:12:12,200,1m6s,/api/chat,,,TIME_WINDOW_ONLY_NO_REQUEST_ID
2026/10/02 - 19:13:33,200,1m20s,/api/chat,,,TIME_WINDOW_ONLY_NO_REQUEST_ID
2026/10/02 - 19:13:48,200,15.2876915s,/api/chat,,,TIME_WINDOW_ONLY_NO_REQUEST_ID
2026/10/02 - 19:15:05,200,1m16s,/api/chat,,,TIME_WINDOW_ONLY_NO_REQUEST_ID
2026/10/02 - 19:16:15,200,1m9s,/api/chat,,,TIME_WINDOW_ONLY_NO_REQUEST_ID
2026/10/02 - 19:17:27,200,1m12s,/api/chat,,,TIME_WINDOW_ONLY_NO_REQUEST_ID
2026/10/02 - 19:18:45,200,1m17s,/api/chat,,,TIME_WINDOW_ONLY_NO_REQUEST_ID
2026/10/02 - 19:20:28,200,1m43s,/api/chat,,,TIME_WINDOW_ONLY_NO_REQUEST_ID
2026/10/02 - 19:21:54,200,1m25s,/api/chat,,,TIME_WINDOW_ONLY_NO_REQUEST_ID
2026/10/02 - 19:23:52,200,1m58s,/api/chat,,,TIME_WINDOW_ONLY_NO_REQUEST_ID
2026/10/02 - 19:25:08,200,1m15s,/api/chat,,,TIME_WINDOW_ONLY_NO_REQUEST_ID
2026/10/02 - 19:27:14,200,2m6s,/api/chat,,,TIME_WINDOW_ONLY_NO_REQUEST_ID
2026/10/02 - 19:28:55,200,1m40s,/api/chat,,,TIME_WINDOW_ONLY_NO_REQUEST_ID
2026/10/02 - 19:31:00,200,2m5s,/api/chat,,,TIME_WINDOW_ONLY_NO_REQUEST_ID
2026/10/02 - 19:32:47,200,1m47s,/api/chat,,,TIME_WINDOW_ONLY_NO_REQUEST_ID
2026/10/02 - 19:35:02,200,2m14s,/api/chat,,,TIME_WINDOW_ONLY_NO_REQUEST_ID
2026/10/02 - 19:36:45,200,1m42s,/api/chat,,,TIME_WINDOW_ONLY_NO_REQUEST_ID
2026/10/02 - 19:39:02,200,2m17s,/api/chat,,,TIME_WINDOW_ONLY_NO_REQUEST_ID
2026/10/02 - 19:39:30,200,28.2509319s,/api/chat,,,TIME_WINDOW_ONLY_NO_REQUEST_ID
2026/10/02 - 19:42:31,200,3m0s,/api/chat,,,TIME_WINDOW_ONLY_NO_REQUEST_ID
2026/10/02 - 19:44:22,200,1m50s,/api/chat,,,TIME_WINDOW_ONLY_NO_REQUEST_ID
2026/10/02 - 19:46:27,200,2m4s,/api/chat,,,TIME_WINDOW_ONLY_NO_REQUEST_ID
2026/10/02 - 19:47:57,200,1m30s,/api/chat,,,TIME_WINDOW_ONLY_NO_REQUEST_ID
2026/10/02 - 19:49:39,200,1m41s,/api/chat,,,TIME_WINDOW_ONLY_NO_REQUEST_ID
2026/10/02 - 19:51:04,200,1m24s,/api/chat,,,TIME_WINDOW_ONLY_NO_REQUEST_ID
2026/10/02 - 19:52:27,200,1m23s,/api/chat,,,TIME_WINDOW_ONLY_NO_REQUEST_ID
2026/10/02 - 19:53:52,200,1m24s,/api/chat,,,TIME_WINDOW_ONLY_NO_REQUEST_ID
2026/10/02 - 19:54:45,200,53.432177s,/api/chat,,,TIME_WINDOW_ONLY_NO_REQUEST_ID
2026/10/02 - 19:56:05,200,1m19s,/api/chat,,,TIME_WINDOW_ONLY_NO_REQUEST_ID
2026/10/02 - 19:58:00,200,1m55s,/api/chat,,,TIME_WINDOW_ONLY_NO_REQUEST_ID
2026/10/02 - 19:59:22,200,1m21s,/api/chat,,,TIME_WINDOW_ONLY_NO_REQUEST_ID
2026/10/02 - 20:00:15,200,53.0300867s,/api/chat,,,TIME_WINDOW_ONLY_NO_REQUEST_ID
2026/10/02 - 20:02:02,200,1m47s,/api/chat,,,TIME_WINDOW_ONLY_NO_REQUEST_ID
2026/10/02 - 20:03:34,200,1m31s,/api/chat,,,TIME_WINDOW_ONLY_NO_REQUEST_ID
2026/10/02 - 20:05:04,200,1m30s,/api/chat,,,TIME_WINDOW_ONLY_NO_REQUEST_ID
2026/10/02 - 20:06:27,200,1m22s,/api/chat,,,TIME_WINDOW_ONLY_NO_REQUEST_ID
2026/10/02 - 20:08:08,200,1m41s,/api/chat,,,TIME_WINDOW_ONLY_NO_REQUEST_ID
2026/10/02 - 20:08:53,200,45.1853527s,/api/chat,,,TIME_WINDOW_ONLY_NO_REQUEST_ID
2026/10/02 - 20:11:05,200,2m11s,/api/chat,,,TIME_WINDOW_ONLY_NO_REQUEST_ID
2026/10/02 - 20:11:35,200,30.4628615s,/api/chat,,,TIME_WINDOW_ONLY_NO_REQUEST_ID
2026/10/02 - 20:13:19,200,1m44s,/api/chat,,,TIME_WINDOW_ONLY_NO_REQUEST_ID
2026/10/02 - 20:15:19,200,1m59s,/api/chat,,,TIME_WINDOW_ONLY_NO_REQUEST_ID
2026/10/02 - 20:16:25,200,1m6s,/api/chat,,,TIME_WINDOW_ONLY_NO_REQUEST_ID
2026/10/02 - 20:18:58,200,2m33s,/api/chat,,,TIME_WINDOW_ONLY_NO_REQUEST_ID
2026/10/02 - 20:20:35,200,1m36s,/api/chat,,,TIME_WINDOW_ONLY_NO_REQUEST_ID
2026/10/02 - 20:22:09,200,1m34s,/api/chat,,,TIME_WINDOW_ONLY_NO_REQUEST_ID
2026/10/02 - 20:23:35,200,1m25s,/api/chat,,,TIME_WINDOW_ONLY_NO_REQUEST_ID
2026/10/02 - 20:25:04,200,1m28s,/api/chat,,,TIME_WINDOW_ONLY_NO_REQUEST_ID
2026/10/02 - 20:26:30,200,1m26s,/api/chat,,,TIME_WINDOW_ONLY_NO_REQUEST_ID
2026/10/02 - 20:27:59,200,1m28s,/api/chat,,,TIME_WINDOW_ONLY_NO_REQUEST_ID
2026/10/02 - 20:29:27,200,1m28s,/api/chat,,,TIME_WINDOW_ONLY_NO_REQUEST_ID
2026/10/02 - 20:31:04,200,1m36s,/api/chat,,,TIME_WINDOW_ONLY_NO_REQUEST_ID
2026/10/02 - 20:32:45,200,1m40s,/api/chat,,,TIME_WINDOW_ONLY_NO_REQUEST_ID
2026/10/02 - 20:35:13,200,2m28s,/api/chat,,,TIME_WINDOW_ONLY_NO_REQUEST_ID
2026/10/02 - 20:36:55,200,1m42s,/api/chat,,,TIME_WINDOW_ONLY_NO_REQUEST_ID
2026/10/02 - 20:38:15,200,1m19s,/api/chat,,,TIME_WINDOW_ONLY_NO_REQUEST_ID
2026/10/02 - 20:40:53,200,2m37s,/api/chat,,,TIME_WINDOW_ONLY_NO_REQUEST_ID
2026/10/02 - 20:42:14,200,1m21s,/api/chat,,,TIME_WINDOW_ONLY_NO_REQUEST_ID
2026/10/02 - 20:43:34,200,1m19s,/api/chat,,,TIME_WINDOW_ONLY_NO_REQUEST_ID
2026/10/02 - 20:45:53,200,2m18s,/api/chat,,,TIME_WINDOW_ONLY_NO_REQUEST_ID
2026/10/02 - 20:47:26,200,1m33s,/api/chat,,,TIME_WINDOW_ONLY_NO_REQUEST_ID
2026/10/02 - 20:47:37,200,11.2678418s,/api/chat,,,TIME_WINDOW_ONLY_NO_REQUEST_ID
2026/10/02 - 20:48:49,200,1m11s,/api/chat,,,TIME_WINDOW_ONLY_NO_REQUEST_ID
2026/10/02 - 20:50:43,200,1m53s,/api/chat,,,TIME_WINDOW_ONLY_NO_REQUEST_ID
2026/10/02 - 20:51:54,200,1m10s,/api/chat,,,TIME_WINDOW_ONLY_NO_REQUEST_ID
2026/10/02 - 20:54:19,200,2m24s,/api/chat,,,TIME_WINDOW_ONLY_NO_REQUEST_ID
2026/10/02 - 20:56:33,200,2m14s,/api/chat,,,TIME_WINDOW_ONLY_NO_REQUEST_ID
2026/10/02 - 20:57:59,200,1m26s,/api/chat,,,TIME_WINDOW_ONLY_NO_REQUEST_ID
2026/10/02 - 20:59:49,200,1m49s,/api/chat,,,TIME_WINDOW_ONLY_NO_REQUEST_ID
2026/10/02 - 21:02:19,200,2m29s,/api/chat,,,TIME_WINDOW_ONLY_NO_REQUEST_ID
2026/10/02 - 21:02:32,200,13.5479277s,/api/chat,,,TIME_WINDOW_ONLY_NO_REQUEST_ID
2026/10/02 - 21:03:23,200,50.4443718s,/api/chat,,,TIME_WINDOW_ONLY_NO_REQUEST_ID
2026/10/02 - 21:05:26,200,2m3s,/api/chat,,,TIME_WINDOW_ONLY_NO_REQUEST_ID
2026/10/02 - 21:06:56,200,1m29s,/api/chat,,,TIME_WINDOW_ONLY_NO_REQUEST_ID
2026/10/02 - 21:07:24,200,28.4272904s,/api/chat,,,TIME_WINDOW_ONLY_NO_REQUEST_ID
2026/10/02 - 21:08:43,200,1m18s,/api/chat,,,TIME_WINDOW_ONLY_NO_REQUEST_ID
2026/10/02 - 21:10:19,200,1m36s,/api/chat,,,TIME_WINDOW_ONLY_NO_REQUEST_ID
2026/10/02 - 21:11:49,200,1m29s,/api/chat,,,TIME_WINDOW_ONLY_NO_REQUEST_ID
2026/10/02 - 21:14:13,200,2m24s,/api/chat,,,TIME_WINDOW_ONLY_NO_REQUEST_ID
2026/10/02 - 21:16:17,200,2m3s,/api/chat,,,TIME_WINDOW_ONLY_NO_REQUEST_ID
2026/10/02 - 21:17:04,200,46.8061752s,/api/chat,,,TIME_WINDOW_ONLY_NO_REQUEST_ID
2026/10/02 - 21:18:38,200,1m33s,/api/chat,,,TIME_WINDOW_ONLY_NO_REQUEST_ID
2026/10/02 - 21:20:10,200,1m31s,/api/chat,,,TIME_WINDOW_ONLY_NO_REQUEST_ID
2026/10/02 - 21:21:55,200,1m45s,/api/chat,,,TIME_WINDOW_ONLY_NO_REQUEST_ID
2026/10/02 - 21:23:31,200,1m36s,/api/chat,,,TIME_WINDOW_ONLY_NO_REQUEST_ID
2026/10/02 - 21:24:20,200,48.3969439s,/api/chat,,,TIME_WINDOW_ONLY_NO_REQUEST_ID
2026/10/02 - 21:28:04,200,3m44s,/api/chat,,,TIME_WINDOW_ONLY_NO_REQUEST_ID
2026/10/02 - 21:29:29,200,1m24s,/api/chat,,,TIME_WINDOW_ONLY_NO_REQUEST_ID
2026/10/02 - 21:30:26,200,56.9446063s,/api/chat,,,TIME_WINDOW_ONLY_NO_REQUEST_ID
2026/10/02 - 21:31:57,200,1m31s,/api/chat,,,TIME_WINDOW_ONLY_NO_REQUEST_ID
2026/10/02 - 21:33:36,200,1m39s,/api/chat,,,TIME_WINDOW_ONLY_NO_REQUEST_ID
2026/10/02 - 21:35:47,200,2m11s,/api/chat,,,TIME_WINDOW_ONLY_NO_REQUEST_ID
2026/10/02 - 21:38:02,200,2m14s,/api/chat,,,TIME_WINDOW_ONLY_NO_REQUEST_ID
2026/10/02 - 21:39:36,200,1m33s,/api/chat,,,TIME_WINDOW_ONLY_NO_REQUEST_ID
2026/10/02 - 21:40:58,200,1m22s,/api/chat,,,TIME_WINDOW_ONLY_NO_REQUEST_ID
2026/10/02 - 21:42:31,200,1m32s,/api/chat,,,TIME_WINDOW_ONLY_NO_REQUEST_ID
2026/10/02 - 21:42:55,200,24.715531s,/api/chat,,,TIME_WINDOW_ONLY_NO_REQUEST_ID
2026/10/02 - 21:44:27,200,1m31s,/api/chat,,,TIME_WINDOW_ONLY_NO_REQUEST_ID
2026/10/02 - 21:45:38,200,1m10s,/api/chat,,,TIME_WINDOW_ONLY_NO_REQUEST_ID
2026/10/02 - 21:47:26,200,1m48s,/api/chat,,,TIME_WINDOW_ONLY_NO_REQUEST_ID
2026/10/02 - 21:48:50,200,1m23s,/api/chat,,,TIME_WINDOW_ONLY_NO_REQUEST_ID
2026/10/02 - 21:49:38,200,48.2262676s,/api/chat,,,TIME_WINDOW_ONLY_NO_REQUEST_ID
2026/10/02 - 21:51:01,200,1m22s,/api/chat,,,TIME_WINDOW_ONLY_NO_REQUEST_ID
2026/10/02 - 21:54:54,200,2m31s,/api/chat,,,TIME_WINDOW_ONLY_NO_REQUEST_ID
2026/10/02 - 21:58:09,200,3m14s,/api/chat,,,TIME_WINDOW_ONLY_NO_REQUEST_ID
2026/10/02 - 22:01:39,200,3m30s,/api/chat,,,TIME_WINDOW_ONLY_NO_REQUEST_ID
