document_code,document_id,revision_id,postgres_mentions,neo4j_mentions,postgres_concepts,neo4j_concepts,postgres_only_mention_ids,neo4j_only_mention_ids,property_mismatches,status
D001,00f9cfc7-459f-4c4d-8131-b425d01527dc,7664effe-8f20-46e8-b694-224b75bea829,7,7,7,7,,,0,MATCH
D002,0552620e-65ac-43c4-93c4-09b464cf9ade,82af9dbd-3513-4ab5-a3c5-5b3744bce6f4,9,9,9,9,,,0,MATCH
D003,06066c66-1454-4813-b7b7-f366b9956035,7af46631-a38f-430d-a43c-bcfa0dccac9e,12,12,11,11,,,0,MATCH
D004,08d58bd1-a89e-4b70-b817-821df8428bc7,5afc0eeb-3c76-40cf-99be-e70f066beb2b,10,10,8,8,,,0,MATCH
D005,0aefc3c4-7a94-4f46-a092-61c24f82eed8,318c0a03-c4e1-4c52-961a-c393650de4f4,9,9,9,9,,,0,MATCH
D006,0cecfdbe-d7a2-44cc-9362-c5c413dcc46d,2f6a6fdf-bbeb-4dad-b8af-aff70b289f04,5,5,5,5,,,0,MATCH
D007,1012c1e5-ed99-4e3a-ba11-ac77cc359a2e,4c1cdf8f-ad84-4b9d-982a-16a4d7e18614,12,12,12,12,,,0,MATCH
D008,10c07eba-9d0f-42a9-aeb3-911ec8ccc747,37b1b69d-6826-4cd7-bf1d-37866d6fbb5e,9,9,6,6,,,0,MATCH
D009,1217ad37-8d52-447f-bf53-7b61ce059613,ac2f4dad-e009-4ae8-bc00-9be1146d8c53,12,12,12,12,,,0,MATCH
D010,136d5083-0254-4930-a35e-88441bb802a0,fbd87a44-35d0-4f51-80d6-39abd117d01f,0,0,0,0,,,0,MATCH
D011,156b15bb-dbd9-4d9d-a871-3c46ae7d5515,978dce12-735d-431e-be83-362972cddcd6,0,0,0,0,,,0,MATCH
D012,20376efd-3954-4627-a0f9-768d09825046,be9897e9-7b62-459c-9361-82a519e24f68,0,0,0,0,,,0,MATCH
D013,218cb72e-a7df-4303-9d9e-e374b6e450d7,a788c29f-8809-4836-9e4d-d4cbe74f0c13,3,3,3,3,,,0,MATCH
D014,24b7cbea-bb3a-47fe-af0d-1447f563f093,2005f4f6-3d6b-4b2e-a20e-587db77fde24,11,11,11,11,,,0,MATCH
D015,24e7049e-e304-4bc5-b9b9-e739b7cf5f9c,a0544012-5453-49f4-9d27-7103b0e838a6,23,23,21,21,,,0,MATCH
D016,28108c5f-75cb-438f-8c84-cadc991d9eb5,277693c5-74b7-41e5-b55e-37a5bf269dc2,11,11,11,11,,,0,MATCH
D017,2860ed7f-a2a8-4e76-9250-e3558d092f23,d80633dc-c57a-4253-8754-29c9366084f5,0,0,0,0,,,0,MATCH
D018,298b9ec6-547c-4544-ad9b-1d7796ef32c1,c3e96320-21ac-4704-a4fb-19af06571af0,0,0,0,0,,,0,MATCH
D019,2dab9e82-5d29-40da-b093-b12b1fbde4da,c3cd4135-33ed-473f-a24d-9c3bf736b0e9,7,7,7,7,,,0,MATCH
D020,2ebddf68-fb9c-46be-873c-9d7e19b32af5,4cecca96-6807-47e2-9ca0-97769864eb1e,0,0,0,0,,,0,MATCH
D021,2f7fb8d1-42b1-433b-9091-7d13fc6493b1,48ba5b53-f32b-43a8-ae85-ea7232a2975d,9,9,9,9,,,0,MATCH
D022,2fffa4e2-bc98-4639-a657-e9071f8d65f8,a3e894f8-6038-4f34-afcd-abd0dac7afa5,9,9,9,9,,,0,MATCH
D023,3263deed-de40-4cc0-bf0f-e980647f6535,59a10538-663c-4715-b18e-1868af20a2e4,0,0,0,0,,,0,MATCH
D024,3a5a587d-5ddf-49b9-aa34-bd081fb0d04b,95f3f5a0-077c-4f5d-859f-37fc344f12f0,12,12,4,4,,,0,MATCH
D025,3c6c7dee-038f-4e1a-a3be-1f829a96ebdd,2376d87c-359e-427e-8d73-2eaf5638baf9,0,0,0,0,,,0,MATCH
D026,3df9cd7a-940f-400e-b03a-a72459a5558f,3ed28d1a-4b30-4ea4-bf03-3a69308fb8ba,12,12,12,12,,,0,MATCH
D027,3fb867af-6db1-45a4-8ff8-974292ac5ce1,bda6c71e-512c-46fd-9870-2c12c09cc7fd,1,1,1,1,,,0,MATCH
D028,4321f854-bd6e-4799-a118-a50733440314,e4ba7be0-b5d7-4fd4-b42f-918fa6ac55cc,0,0,0,0,,,0,MATCH
D029,4a17444d-09e0-4cad-becb-0ad9e9a95b73,94abe07d-65fd-4ac6-96c3-0c65e777ed09,0,0,0,0,,,0,MATCH
D030,4b75c865-01cf-4348-ae21-baf91df52a12,a2a3fa69-33ab-4736-8977-7ec9ffa56161,9,9,7,7,,,0,MATCH
D031,50aabd72-3718-40d0-b0e9-b145f6ec6d6d,706c5cc2-2e33-4c61-b54c-701b27dd1ad3,15,15,13,13,,,0,MATCH
D032,5c25b3c9-cc53-4db3-a4b2-9b9e58f70a32,317c8633-5eab-4577-a1fd-ce89952f6b52,12,12,12,12,,,0,MATCH
D033,5d98bb43-ab4b-458a-86bc-0d4b88145cb7,3f586c97-2888-4aeb-b9db-05d15348b6ad,11,11,11,11,,,0,MATCH
D034,5df9a10b-804f-4bac-accb-a23fd2e2d2e0,970b47f4-9c95-467c-a4b1-e91d96b6f10a,6,6,6,6,,,0,MATCH
D035,5f698fb2-5265-4343-a012-0c0fb3c6e9c4,6612f9ab-0007-4924-a4da-dc7e0bafdba3,0,0,0,0,,,0,MATCH
D036,60564d96-782a-4b13-a6ba-e3cd057dbdba,0f0d8193-80c3-4ff0-8744-8bbea0631dbd,3,3,2,2,,,0,MATCH
D037,64a8690b-db4c-44ec-bd4a-926f3afabbb1,1c9d5fc9-f67c-4547-b50c-0e2b27e0cec3,11,11,9,9,,,0,MATCH
D038,6a675d0d-8256-4c8f-b2ae-7c95c1bcabf8,b6535766-c337-4abd-9925-8381f0acc7fa,9,9,8,8,,,0,MATCH
D039,6f1fea7f-0d19-4f8a-99cc-842e0fa30c78,6d22a88c-34c3-4c67-b9e5-6b697942e922,0,0,0,0,,,0,MATCH
D040,704d0fb4-dc04-4a88-ab73-ab9204758f98,6af55266-4d07-48b0-8540-e27c75e2b857,0,0,0,0,,,0,MATCH
D041,70b57363-3591-4f4b-a1a9-d0f8987b6b80,6157efd9-fab8-401a-8da8-229bdcd8932f,11,11,11,11,,,0,MATCH
D042,75f1a531-496e-44ff-9a26-97fd0b24dd90,fd3e8337-cb3f-46ee-b7d1-13ced4632d36,5,5,5,5,,,0,MATCH
D043,7ab3543e-3bdf-4320-880f-3590b26aa4b6,9330498b-5550-4f2b-b796-2f0eacea64dd,16,16,16,16,,,0,MATCH
D044,7b42a401-891b-48e3-a681-bd9e3f5fd8cb,907f570d-654d-4d97-8f4c-612c2ed84989,10,10,10,10,,,0,MATCH
D045,7b462286-ce94-41ea-b031-543d6aaef0f2,1c23d08f-1b37-4fe9-b84f-2d1671faf6f9,0,0,0,0,,,0,MATCH
D046,7c4e84e8-09c5-4150-849e-7a21493a18db,ae7debc9-5bea-49d3-8370-2eb361fa3f50,12,12,9,9,,,0,MATCH
D047,7c663f65-65c2-4e27-8840-bf5bdb960cb0,2ea02654-5f2e-4c9e-911f-3e5a53f87524,12,12,12,12,,,0,MATCH
D048,7e8119f4-3272-488b-a741-a7b4abb14a69,fb67e4c5-00fe-4c1f-98e8-b2286054a0b7,0,0,0,0,,,0,MATCH
D049,7f51377e-2cb1-46a3-9bff-19b03dd7f25b,7ce34462-5287-40ef-b6c9-032bbaf5e8c4,24,24,23,23,,,0,MATCH
D050,87775318-a9f1-457c-891c-6d910ac56175,f3937e44-f446-490b-8c4e-7b95768fca8a,6,6,5,5,,,0,MATCH
D051,878586e5-bf5c-4fcf-91db-5c64bb999ec8,f04d4a0a-cfb7-4e3b-aab5-3402eab333b0,12,12,12,12,,,0,MATCH
D052,88e8a18b-f7b8-4366-9ffc-ffbc1655b882,1b9dcf35-e17f-4d7c-b354-5451c582eae6,4,4,4,4,,,0,MATCH
D053,895f3ff1-5a2d-4c4f-b146-bfa105dd2639,608b8803-0460-4606-a870-e3251f1c2146,12,12,12,12,,,0,MATCH
D054,8a635573-0311-4947-85e8-fc9dfee4ef43,c64c7638-3973-43dd-878d-e4927d911162,2,2,1,1,,,0,MATCH
D055,8d2f77a0-7e7c-45f8-a36e-7be49395ee43,a4f3c68a-b785-4e2d-8833-fd2c79a8b6de,9,9,9,9,,,0,MATCH
D056,8f9fc5ae-0c9f-466e-96e6-7a1af0a80a87,3a4efa5b-fe48-4f3a-85bb-549dff834b39,12,12,12,12,,,0,MATCH
D057,92b288c5-a152-43a5-9faa-6d235ae9afb7,3865928b-7d9f-4fd4-87da-04640748254f,7,7,7,7,,,0,MATCH
D058,95ad40b5-46f9-4654-bdd2-96e396478d6c,5d78f622-9582-4379-86bc-349d581c6c09,0,0,0,0,,,0,MATCH
D059,95caebbb-a861-49f1-a707-2bf74b2c9a8b,d2df74ff-b9a9-41ea-9b26-ced2f6940160,10,10,8,8,,,0,MATCH
D060,96575fc6-1212-4cb1-889f-179dd9515854,61ce4e43-1d79-4cee-af6c-43026828532a,12,12,12,12,,,0,MATCH
D061,99232d89-6fe1-4045-b661-0e1203a448d8,e32a9243-72d8-4bef-82ee-bed2289e77c0,11,11,11,11,,,0,MATCH
D062,9d8f4109-bb2e-42ab-8894-2304187b181b,f72d4778-c968-4658-b98d-c45d8f925011,12,12,12,12,,,0,MATCH
D063,9e83b80f-5ab2-411c-b800-3f6eac578f51,0038a0ff-85d0-465c-995f-640533102966,0,0,0,0,,,0,MATCH
D064,a5c41f35-df49-4f31-95dd-394405e4c276,c2668875-4dc9-4f36-a3cb-e43b66673923,11,11,7,7,,,0,MATCH
D065,a699dfba-8207-41f9-a491-43a360e40cd9,35ac4a5b-05aa-493c-b96d-a1935663963f,0,0,0,0,,,0,MATCH
D066,a7588c01-0b42-40c2-8e08-86a056819ce7,914db217-93ce-4752-b77f-457a4fb16137,12,12,12,12,,,0,MATCH
D067,acd6003a-13ec-4bce-87f5-cec1c79eabb3,3b61aa4c-aa18-4298-823b-473b8ecc43a6,9,9,9,9,,,0,MATCH
D068,b102c67e-e167-49c6-a3cf-5c14d31d8fc1,92e8fd81-3dcc-4b98-a485-c6e98506c30d,0,0,0,0,,,0,MATCH
D069,b5e40c7d-735b-411c-b69b-1cb38751ddb4,5967d42f-3bfb-46d1-9892-30c69f4cc320,0,0,0,0,,,0,MATCH
D070,b652e00f-7ac8-4b37-b370-272e2482d67f,f7ec54a9-2c0c-49b4-9795-24258524c956,12,12,11,11,,,0,MATCH
D071,b825539d-f4bb-4d21-a5d2-0f535b15eb49,9d7cba7b-66c7-4358-bd21-00678a487230,12,12,11,11,,,0,MATCH
D072,be036c92-8085-4d4a-a101-f50e7cbc28fc,75c65e76-6c14-431d-83bf-e4a0f343e18e,2,2,2,2,,,0,MATCH
D073,be88ae5a-4cd1-4568-9792-a9d1eddb56be,199b7455-026c-458b-9a44-3a8da0c0e19b,12,12,12,12,,,0,MATCH
D074,bfcae593-3cf3-42fd-971a-5521c706cabe,22979e23-3fdd-4759-bf4c-cf7f9ba4fafb,15,15,12,12,,,0,MATCH
D075,c04f97a5-b941-4257-b74f-721faa94e982,0b3fed26-d88f-4cc1-a503-6352651cfd64,12,12,12,12,,,0,MATCH
D076,c4a02758-57a8-4f3c-9191-6281afef84fe,b3424976-6591-4bfd-9afa-36677f295b47,7,7,7,7,,,0,MATCH
D077,c55aaeb6-0dd1-4c6e-a62c-b0078257c9f2,8807c2d8-cb62-4a53-ae79-88a90e0c6f4b,6,6,5,5,,,0,MATCH
D078,c56c60ec-74f3-44d5-83e6-f83d87b921f5,85c8c16f-76e7-45fb-a9b2-6124974a51e9,12,12,10,10,,,0,MATCH
D079,c5dfdef7-4f8f-455d-8ef1-e24b30dd136f,19706067-aa4d-4d02-a463-1e8dd1295b40,13,13,12,12,,,0,MATCH
D080,c9984def-b7e0-46b4-a20c-b9abdb6e2c18,9cfa3835-9652-4a8e-8cf0-dc3517ae6238,0,0,0,0,,,0,MATCH
D081,c99f8fc3-6f01-4bf4-bc00-933bbeda27f9,c2aad931-a1eb-4832-9aa0-b1f487efb100,8,8,8,8,,,0,MATCH
D082,d145c9ac-f2af-4f95-a048-4bc61c873bd7,0021da82-939b-48d7-8d6e-8b53f969eaf5,18,18,18,18,,,0,MATCH
D083,d8fa4f24-71ee-4b88-967c-024021e0043b,40cbcb4e-b2ea-497f-83d6-3808c79acfc9,21,21,20,20,,,0,MATCH
D084,d9353f7c-7923-4367-bf9f-78451104b2f5,58e3ff7b-0115-48b5-bc95-f681f230bc5a,0,0,0,0,,,0,MATCH
D085,dbf895b0-e07a-40a0-9dde-d2858ff63320,b20c2f59-c365-462f-af99-f7335e15ab7f,19,19,16,16,,,0,MATCH
D086,dfbf11ae-d233-47e1-bfbf-505e8c2d0594,492a1b53-1647-494e-9c68-09a592c19fe4,0,0,0,0,,,0,MATCH
D087,e07c06f0-da13-404a-b8b9-7112202bcf57,ffb889e9-dc80-4a29-9caf-bc0c05cf95da,7,7,7,7,,,0,MATCH
D088,e4a11c17-4a02-4845-9887-a6d113174d38,c7e13140-db25-4e2d-a4ed-0a1c7aa4723c,0,0,0,0,,,0,MATCH
D089,e5e2825a-81cd-4497-8b78-a2677add0a48,43e52f34-bc11-472f-a87d-86988c6bb04d,6,6,6,6,,,0,MATCH
D090,e61dd295-666c-4963-bb18-eac28a02fe12,8b04e3fc-26f8-4689-9764-c9c2826f4825,10,10,10,10,,,0,MATCH
D091,e6844a28-6617-497a-bbdb-62545365b18d,b9727eb6-6a62-4734-b5c7-d4b76559d090,0,0,0,0,,,0,MATCH
D092,ea87c55e-72ef-439c-aa6b-7285edc49095,19bedd9d-3827-402c-894b-e8ca762ecff7,0,0,0,0,,,0,MATCH
D093,ed63ad4b-96aa-4ba5-a8fa-581f76e5723d,ab07453e-131f-4424-a7d8-787b08f59f40,6,6,5,5,,,0,MATCH
D094,ee5ad392-f96f-4241-b1c9-844477b87925,0b0d6dd2-bd4e-4432-95ef-aa190b32622d,11,11,11,11,,,0,MATCH
D095,ef6d522b-b248-4438-abae-289b176b9968,323787f0-5de4-482a-bea3-b02b5a397923,10,10,9,9,,,0,MATCH
D096,f13d2b75-dc3f-474d-975b-894e77fc79d4,ab5a4394-9889-4f98-a89c-c8b102b8bc0f,8,8,8,8,,,0,MATCH
D097,f1c4d560-678f-4ead-af98-f670b31ac562,0601856a-895b-43e6-be4c-dd2b0af16f9e,0,0,0,0,,,0,MATCH
D098,f788f5fa-e284-4d65-8241-8210291c488c,2bcf0c3f-6d14-457e-8665-3d0dd2993393,11,11,8,8,,,0,MATCH
D099,f7baaf79-a130-4329-9f84-6d80e77835a2,1c4006c8-38ad-4661-9f66-a1ad9917069b,7,7,6,6,,,0,MATCH
D100,fd94b094-5144-4e96-acd5-de555c2bb84a,330135c0-1440-4a43-bdc8-f702efcb86be,12,12,12,12,,,0,MATCH
