document_code,document_id,chunk_id,concept_kind,exact_source_span,start_offset,end_offset,occurrence_count,annotation_status
D010,136d5083-0254-4930-a35e-88441bb802a0,510e3540-e579-4536-a4ea-dae9b47eb024,MATERIAL,graphene oxide (GO),244,263,1,ASSISTANT_REVIEW_NOT_MODEL_OUTPUT
D010,136d5083-0254-4930-a35e-88441bb802a0,510e3540-e579-4536-a4ea-dae9b47eb024,PROCESS,hydrothermal method,543,562,1,ASSISTANT_REVIEW_NOT_MODEL_OUTPUT
D010,136d5083-0254-4930-a35e-88441bb802a0,761f757f-5005-4417-bf90-f2c5200f7600,PERFORMANCE,high response of 96% at 200 ppm of NH 3,67,106,1,ASSISTANT_REVIEW_NOT_MODEL_OUTPUT
D011,156b15bb-dbd9-4d9d-a871-3c46ae7d5515,658c581f-b972-4500-83fb-0c881a212867,DEVICE,all-graphene gas sensors,320,344,2,ASSISTANT_REVIEW_NOT_MODEL_OUTPUT
D011,156b15bb-dbd9-4d9d-a871-3c46ae7d5515,658c581f-b972-4500-83fb-0c881a212867,ANALYTE,NO2,487,490,1,ASSISTANT_REVIEW_NOT_MODEL_OUTPUT
D011,156b15bb-dbd9-4d9d-a871-3c46ae7d5515,658c581f-b972-4500-83fb-0c881a212867,OPERATING_CONDITION,without external heating,491,515,1,ASSISTANT_REVIEW_NOT_MODEL_OUTPUT
D012,20376efd-3954-4627-a0f9-768d09825046,b3a3302f-238c-403f-ba93-37727ed82718,MATERIAL,reduced graphene oxide (rGO),29,57,1,ASSISTANT_REVIEW_NOT_MODEL_OUTPUT
D012,20376efd-3954-4627-a0f9-768d09825046,b3a3302f-238c-403f-ba93-37727ed82718,DEVICE,array of rGO-based integrated sensors,371,408,1,ASSISTANT_REVIEW_NOT_MODEL_OUTPUT
D012,20376efd-3954-4627-a0f9-768d09825046,b3a3302f-238c-403f-ba93-37727ed82718,ANALYTE,"methanol, ethanol and isopropanol",924,957,1,ASSISTANT_REVIEW_NOT_MODEL_OUTPUT
D017,2860ed7f-a2a8-4e76-9250-e3558d092f23,52c7bac2-feff-4316-934f-2726c4842540,MATERIAL,transition metal dichalcogenides,976,1008,1,ASSISTANT_REVIEW_NOT_MODEL_OUTPUT
D017,2860ed7f-a2a8-4e76-9250-e3558d092f23,52c7bac2-feff-4316-934f-2726c4842540,MATERIAL,phosphorene,1063,1074,1,ASSISTANT_REVIEW_NOT_MODEL_OUTPUT
D017,2860ed7f-a2a8-4e76-9250-e3558d092f23,52c7bac2-feff-4316-934f-2726c4842540,MATERIAL,hexagonal boron nitride,1076,1099,1,ASSISTANT_REVIEW_NOT_MODEL_OUTPUT
D018,298b9ec6-547c-4544-ad9b-1d7796ef32c1,6b6b66f9-d41f-4669-95f2-f8ed58d4693b,MATERIAL,Cu(2)O nanowire mesocrystals,40,68,1,ASSISTANT_REVIEW_NOT_MODEL_OUTPUT
D018,298b9ec6-547c-4544-ad9b-1d7796ef32c1,6b6b66f9-d41f-4669-95f2-f8ed58d4693b,MORPHOLOGY,octahedral morphology,297,318,1,ASSISTANT_REVIEW_NOT_MODEL_OUTPUT
D018,298b9ec6-547c-4544-ad9b-1d7796ef32c1,2f4dc259-06bf-47d1-b373-54df2cb8b173,ANALYTE,NO(2),429,434,1,ASSISTANT_REVIEW_NOT_MODEL_OUTPUT
D020,2ebddf68-fb9c-46be-873c-9d7e19b32af5,e31c5401-4339-43f7-8259-935af544da86,PROCESS,Chemical Vapor Deposition (CVD),4,35,1,ASSISTANT_REVIEW_NOT_MODEL_OUTPUT
D020,2ebddf68-fb9c-46be-873c-9d7e19b32af5,e31c5401-4339-43f7-8259-935af544da86,MATERIAL,zinc oxide (ZnO),100,116,1,ASSISTANT_REVIEW_NOT_MODEL_OUTPUT
D020,2ebddf68-fb9c-46be-873c-9d7e19b32af5,e31c5401-4339-43f7-8259-935af544da86,PROCESS,atomic layer deposition (ALD),132,161,1,ASSISTANT_REVIEW_NOT_MODEL_OUTPUT
D023,3263deed-de40-4cc0-bf0f-e980647f6535,e1c0cbfd-ed9b-4abe-8b86-a4065a5fa15f,DEVICE,graphene-based electrochemical sensors,335,373,1,ASSISTANT_REVIEW_NOT_MODEL_OUTPUT
D023,3263deed-de40-4cc0-bf0f-e980647f6535,e1c0cbfd-ed9b-4abe-8b86-a4065a5fa15f,DEVICE,nanopore sensors,416,432,1,ASSISTANT_REVIEW_NOT_MODEL_OUTPUT
D023,3263deed-de40-4cc0-bf0f-e980647f6535,e1c0cbfd-ed9b-4abe-8b86-a4065a5fa15f,MECHANISM,signal transduction,516,535,1,ASSISTANT_REVIEW_NOT_MODEL_OUTPUT
D025,3c6c7dee-038f-4e1a-a3be-1f829a96ebdd,9644c802-76bc-4447-9648-8252e609a52a,MATERIAL,SnO2 NPs,336,344,3,ASSISTANT_REVIEW_NOT_MODEL_OUTPUT
D025,3c6c7dee-038f-4e1a-a3be-1f829a96ebdd,9644c802-76bc-4447-9648-8252e609a52a,ANALYTE,hydrogen,424,432,2,ASSISTANT_REVIEW_NOT_MODEL_OUTPUT
D025,3c6c7dee-038f-4e1a-a3be-1f829a96ebdd,9644c802-76bc-4447-9648-8252e609a52a,MECHANISM,charge transfer and band alignment,690,724,1,ASSISTANT_REVIEW_NOT_MODEL_OUTPUT
D028,4321f854-bd6e-4799-a118-a50733440314,b75fa64e-72ef-4631-9c5d-5a57f888340d,ANALYTE,carbon monoxide (CO),53,73,1,ASSISTANT_REVIEW_NOT_MODEL_OUTPUT
D028,4321f854-bd6e-4799-a118-a50733440314,b75fa64e-72ef-4631-9c5d-5a57f888340d,MATERIAL,defective graphene,849,867,1,ASSISTANT_REVIEW_NOT_MODEL_OUTPUT
D028,4321f854-bd6e-4799-a118-a50733440314,b75fa64e-72ef-4631-9c5d-5a57f888340d,MATERIAL,doped graphene,873,887,1,ASSISTANT_REVIEW_NOT_MODEL_OUTPUT
D029,4a17444d-09e0-4cad-becb-0ad9e9a95b73,28d1c15e-e2d5-41b9-96f3-dfb222eb27f1,PROCESS,Inkjet printing,268,283,1,ASSISTANT_REVIEW_NOT_MODEL_OUTPUT
D029,4a17444d-09e0-4cad-becb-0ad9e9a95b73,28d1c15e-e2d5-41b9-96f3-dfb222eb27f1,DEVICE,chemiresistor gas sensors,574,599,1,ASSISTANT_REVIEW_NOT_MODEL_OUTPUT
D029,4a17444d-09e0-4cad-becb-0ad9e9a95b73,28d1c15e-e2d5-41b9-96f3-dfb222eb27f1,ANALYTE,"nitrogen dioxide, and ammonia",793,822,1,ASSISTANT_REVIEW_NOT_MODEL_OUTPUT
D035,5f698fb2-5265-4343-a012-0c0fb3c6e9c4,4f0f0e24-163f-4d49-a509-72a2393efd6a,PROCESS,density functional theory (DFT) calculations,18,62,1,ASSISTANT_REVIEW_NOT_MODEL_OUTPUT
D035,5f698fb2-5265-4343-a012-0c0fb3c6e9c4,4f0f0e24-163f-4d49-a509-72a2393efd6a,MATERIAL,B–N@graphene,398,410,1,ASSISTANT_REVIEW_NOT_MODEL_OUTPUT
D035,5f698fb2-5265-4343-a012-0c0fb3c6e9c4,4f0f0e24-163f-4d49-a509-72a2393efd6a,PROPERTY,adsorption energy and selectivity,330,363,1,ASSISTANT_REVIEW_NOT_MODEL_OUTPUT
D039,6f1fea7f-0d19-4f8a-99cc-842e0fa30c78,f69033d8-3861-45bc-a9a7-89d2b147c41c,MATERIAL,MoS₂,633,637,2,ASSISTANT_REVIEW_NOT_MODEL_OUTPUT
D039,6f1fea7f-0d19-4f8a-99cc-842e0fa30c78,f69033d8-3861-45bc-a9a7-89d2b147c41c,MATERIAL,WS₂,789,792,1,ASSISTANT_REVIEW_NOT_MODEL_OUTPUT
D039,6f1fea7f-0d19-4f8a-99cc-842e0fa30c78,45a2c76d-a2f1-4957-8c10-9e15a50f7bc9,DEVICE,"conductometric, capacitive and optical gas sensors",507,557,1,ASSISTANT_REVIEW_NOT_MODEL_OUTPUT
D040,704d0fb4-dc04-4a88-ab73-ab9204758f98,6d47eced-5f01-430f-ad40-e3712888465c,DEVICE,Au electrodes,169,182,3,ASSISTANT_REVIEW_NOT_MODEL_OUTPUT
D040,704d0fb4-dc04-4a88-ab73-ab9204758f98,6d47eced-5f01-430f-ad40-e3712888465c,PROCESS,self-assembly technique,98,121,1,ASSISTANT_REVIEW_NOT_MODEL_OUTPUT
D040,704d0fb4-dc04-4a88-ab73-ab9204758f98,6d47eced-5f01-430f-ad40-e3712888465c,ANALYTE,ammonia (NH3),635,648,1,ASSISTANT_REVIEW_NOT_MODEL_OUTPUT
D045,7b462286-ce94-41ea-b031-543d6aaef0f2,ddf32319-6303-4e68-94ac-f38e91d629c9,PROCESS,density-functional theory,140,165,1,ASSISTANT_REVIEW_NOT_MODEL_OUTPUT
D045,7b462286-ce94-41ea-b031-543d6aaef0f2,ddf32319-6303-4e68-94ac-f38e91d629c9,MATERIAL,B-doped graphene,307,323,1,ASSISTANT_REVIEW_NOT_MODEL_OUTPUT
D045,7b462286-ce94-41ea-b031-543d6aaef0f2,ddf32319-6303-4e68-94ac-f38e91d629c9,ANALYTE,NO2,295,298,3,ASSISTANT_REVIEW_NOT_MODEL_OUTPUT
D048,7e8119f4-3272-488b-a741-a7b4abb14a69,790a6915-3e45-4a76-8281-d043955bf0ae,MATERIAL,graphene and related materials (GRMs),464,501,1,ASSISTANT_REVIEW_NOT_MODEL_OUTPUT
D048,7e8119f4-3272-488b-a741-a7b4abb14a69,790a6915-3e45-4a76-8281-d043955bf0ae,MATERIAL,two-dimensional crystals,68,92,1,ASSISTANT_REVIEW_NOT_MODEL_OUTPUT
D058,95ad40b5-46f9-4654-bdd2-96e396478d6c,598def39-7f5a-450c-96d7-156cc33157e1,PROPERTY,optical transparency,156,176,1,ASSISTANT_REVIEW_NOT_MODEL_OUTPUT
D058,95ad40b5-46f9-4654-bdd2-96e396478d6c,883b930f-3bb7-4fec-b6f6-b6ab406fff22,ANALYTE,nitrogen dioxide (NO 2 ),113,137,1,ASSISTANT_REVIEW_NOT_MODEL_OUTPUT
D058,95ad40b5-46f9-4654-bdd2-96e396478d6c,883b930f-3bb7-4fec-b6f6-b6ab406fff22,ANALYTE,ammonia (NH 3 ),139,154,1,ASSISTANT_REVIEW_NOT_MODEL_OUTPUT
D063,9e83b80f-5ab2-411c-b800-3f6eac578f51,b0355aae-2c8e-484c-a7c0-03c3a81d4aea,PROCESS,Inkjet printing,198,213,1,ASSISTANT_REVIEW_NOT_MODEL_OUTPUT
D063,9e83b80f-5ab2-411c-b800-3f6eac578f51,b0355aae-2c8e-484c-a7c0-03c3a81d4aea,MATERIAL,single-wall nanotubes (SWNTs),295,324,1,ASSISTANT_REVIEW_NOT_MODEL_OUTPUT
D063,9e83b80f-5ab2-411c-b800-3f6eac578f51,b0355aae-2c8e-484c-a7c0-03c3a81d4aea,ANALYTE,"NO2, Cl2, CO2, NH3",654,672,1,ASSISTANT_REVIEW_NOT_MODEL_OUTPUT
D065,a699dfba-8207-41f9-a491-43a360e40cd9,7ebb6e7c-9e6b-42ab-abab-9acd07414eab,PROCESS,Atomic Layer Deposition,72,95,1,ASSISTANT_REVIEW_NOT_MODEL_OUTPUT
D065,a699dfba-8207-41f9-a491-43a360e40cd9,7ebb6e7c-9e6b-42ab-abab-9acd07414eab,ANALYTE,formaldehyde,168,180,2,ASSISTANT_REVIEW_NOT_MODEL_OUTPUT
D065,a699dfba-8207-41f9-a491-43a360e40cd9,7ebb6e7c-9e6b-42ab-abab-9acd07414eab,PERFORMANCE,detection limit could reach 180 parts-per-billion (ppb),425,480,1,ASSISTANT_REVIEW_NOT_MODEL_OUTPUT
D068,b102c67e-e167-49c6-a3cf-5c14d31d8fc1,0ec317d5-3c20-41e0-9f78-67fec485b6cc,MATERIAL,WO 3 nanorods/sulfonated reduced graphene oxide (S-rGO),354,409,1,ASSISTANT_REVIEW_NOT_MODEL_OUTPUT
D068,b102c67e-e167-49c6-a3cf-5c14d31d8fc1,0ec317d5-3c20-41e0-9f78-67fec485b6cc,PROCESS,hydrothermal method,455,474,1,ASSISTANT_REVIEW_NOT_MODEL_OUTPUT
D068,b102c67e-e167-49c6-a3cf-5c14d31d8fc1,0ec317d5-3c20-41e0-9f78-67fec485b6cc,MECHANISM,charge transfer,1055,1070,1,ASSISTANT_REVIEW_NOT_MODEL_OUTPUT
D069,b5e40c7d-735b-411c-b69b-1cb38751ddb4,f25cd74a-8387-4ccc-8ad2-bba363cb455e,MORPHOLOGY,graphene nanoribbons (GNRs),21,48,1,ASSISTANT_REVIEW_NOT_MODEL_OUTPUT
D069,b5e40c7d-735b-411c-b69b-1cb38751ddb4,f25cd74a-8387-4ccc-8ad2-bba363cb455e,PROCESS,laser interference lithography,133,163,1,ASSISTANT_REVIEW_NOT_MODEL_OUTPUT
D069,b5e40c7d-735b-411c-b69b-1cb38751ddb4,f25cd74a-8387-4ccc-8ad2-bba363cb455e,MATERIAL,Palladium nanoparticles,360,383,1,ASSISTANT_REVIEW_NOT_MODEL_OUTPUT
D080,c9984def-b7e0-46b4-a20c-b9abdb6e2c18,6035e6b9-fee7-4f37-9c56-79cea9e286d0,PROCESS,Heteroatom doping,0,17,1,ASSISTANT_REVIEW_NOT_MODEL_OUTPUT
D080,c9984def-b7e0-46b4-a20c-b9abdb6e2c18,6035e6b9-fee7-4f37-9c56-79cea9e286d0,MATERIAL,heteroatom-doped graphene materials,399,434,1,ASSISTANT_REVIEW_NOT_MODEL_OUTPUT
D080,c9984def-b7e0-46b4-a20c-b9abdb6e2c18,6035e6b9-fee7-4f37-9c56-79cea9e286d0,APPLICATION,"energy storage, energy conversion, sensing, and gas storage",901,960,1,ASSISTANT_REVIEW_NOT_MODEL_OUTPUT
D084,d9353f7c-7923-4367-bf9f-78451104b2f5,c2038fc8-891e-497b-bc0f-ef5a41e8ea42,PROPERTY,high conductivity,291,308,1,ASSISTANT_REVIEW_NOT_MODEL_OUTPUT
D084,d9353f7c-7923-4367-bf9f-78451104b2f5,c2038fc8-891e-497b-bc0f-ef5a41e8ea42,PROPERTY,high Young’s modulus,314,334,1,ASSISTANT_REVIEW_NOT_MODEL_OUTPUT
D084,d9353f7c-7923-4367-bf9f-78451104b2f5,c2038fc8-891e-497b-bc0f-ef5a41e8ea42,MATERIAL,metal/metal oxide composite,771,798,1,ASSISTANT_REVIEW_NOT_MODEL_OUTPUT
D086,dfbf11ae-d233-47e1-bfbf-505e8c2d0594,c84b43c0-e4a1-4404-a809-3ca4777783cc,MATERIAL,graphene,43,51,5,ASSISTANT_REVIEW_NOT_MODEL_OUTPUT
D086,dfbf11ae-d233-47e1-bfbf-505e8c2d0594,c84b43c0-e4a1-4404-a809-3ca4777783cc,PROCESS,mechanically peeling sheets off graphite crystals,683,732,1,ASSISTANT_REVIEW_NOT_MODEL_OUTPUT
D086,dfbf11ae-d233-47e1-bfbf-505e8c2d0594,c84b43c0-e4a1-4404-a809-3ca4777783cc,APPLICATION,environmental monitoring,1108,1132,1,ASSISTANT_REVIEW_NOT_MODEL_OUTPUT
D088,e4a11c17-4a02-4845-9887-a6d113174d38,2de48374-7eff-4eaa-b28b-045e1eacca8a,PROCESS,nanosphere lithography and reactive ion etching,505,552,1,ASSISTANT_REVIEW_NOT_MODEL_OUTPUT
D088,e4a11c17-4a02-4845-9887-a6d113174d38,2de48374-7eff-4eaa-b28b-045e1eacca8a,MORPHOLOGY,nanomesh,474,482,3,ASSISTANT_REVIEW_NOT_MODEL_OUTPUT
D088,e4a11c17-4a02-4845-9887-a6d113174d38,8cd9a1d3-bdd3-46ec-9e1a-872ab12c3273,ANALYTE,NO(2) and NH(3),140,155,1,ASSISTANT_REVIEW_NOT_MODEL_OUTPUT
D091,e6844a28-6617-497a-bbdb-62545365b18d,5259dff5-7b56-4a67-be3d-15b07f0a3590,PROCESS,drop casting technique,180,202,1,ASSISTANT_REVIEW_NOT_MODEL_OUTPUT
D091,e6844a28-6617-497a-bbdb-62545365b18d,5259dff5-7b56-4a67-be3d-15b07f0a3590,MATERIAL,Pt decorated functionalized graphene sheets (Pt/f-G),241,293,1,ASSISTANT_REVIEW_NOT_MODEL_OUTPUT
D091,e6844a28-6617-497a-bbdb-62545365b18d,5259dff5-7b56-4a67-be3d-15b07f0a3590,ANALYTE,hydrogen,37,45,6,ASSISTANT_REVIEW_NOT_MODEL_OUTPUT
D092,ea87c55e-72ef-439c-aa6b-7285edc49095,8c72db49-9f37-4151-a3be-46a88d5af916,MATERIAL,B- or N-doped and defective graphenes,71,108,1,ASSISTANT_REVIEW_NOT_MODEL_OUTPUT
D092,ea87c55e-72ef-439c-aa6b-7285edc49095,8c72db49-9f37-4151-a3be-46a88d5af916,PROCESS,density functional computations,187,218,1,ASSISTANT_REVIEW_NOT_MODEL_OUTPUT
D092,ea87c55e-72ef-439c-aa6b-7285edc49095,8c72db49-9f37-4151-a3be-46a88d5af916,ANALYTE,"CO, NO, NO(2) and NH(3)",135,158,1,ASSISTANT_REVIEW_NOT_MODEL_OUTPUT
D097,f1c4d560-678f-4ead-af98-f670b31ac562,cbfdda24-6c93-438e-99ac-3743eff2b9ae,DEVICE,polymer optical fiber sensor arrays,234,269,1,ASSISTANT_REVIEW_NOT_MODEL_OUTPUT
D097,f1c4d560-678f-4ead-af98-f670b31ac562,cbfdda24-6c93-438e-99ac-3743eff2b9ae,ANALYTE,tetrahydrofuran (THF) and dichloromethane (MC),549,595,1,ASSISTANT_REVIEW_NOT_MODEL_OUTPUT
D097,f1c4d560-678f-4ead-af98-f670b31ac562,cbfdda24-6c93-438e-99ac-3743eff2b9ae,OPERATING_CONDITION,over 90% humidity,845,862,1,ASSISTANT_REVIEW_NOT_MODEL_OUTPUT
