document_code,document_id,revision_id,openalex_id,title,chunk_count,text_length,chunk_text_length,raw_graphfact_count,hybrid_concept_count,persisted_mention_count,run_status,attempt_count,cause_classification,source_quality_class,source_assessment,expected_semantic_extraction,review_note
D010,136d5083-0254-4930-a35e-88441bb802a0,fbd87a44-35d0-4f51-80d6-39abd117d01f,W4376618059,Room-Temperature Ammonia Gas Sensor Based on Ti3C2Tx MXene/Graphene Oxide/CuO/ZnO Nanocomposite,2,1490,1489,10,0,0,completed,2,UNKNOWN,E_CAUSE_UNKNOWN_CONCEPTS_PRESENT,OBVIOUS_SOURCE_CONCEPTS,YES,"Concrete four-component sensor, hydrothermal synthesis, response and humidity conditions. Scientific spaced formulas and dashes are present; no evidence they caused rejection."
D011,156b15bb-dbd9-4d9d-a871-3c46ae7d5515,978dce12-735d-431e-be83-362972cddcd6,W1276751773,Self-Activated Transparent All-Graphene Gas Sensor with Endurance to Humidity and Mechanical Bending,1,816,816,6,0,0,completed,1,UNKNOWN,E_CAUSE_UNKNOWN_CONCEPTS_PRESENT,OBVIOUS_SOURCE_CONCEPTS,YES,"Self-activated all-graphene device, transparent/flexible construction and NO2 response without heating."
D012,20376efd-3954-4627-a0f9-768d09825046,be9897e9-7b62-459c-9361-82a519e24f68,W2167087575,Highly selective gas sensor arrays based on thermally reduced graphene oxide,1,1080,1080,3,0,0,completed,1,UNKNOWN,E_CAUSE_UNKNOWN_CONCEPTS_PRESENT,OBVIOUS_SOURCE_CONCEPTS,YES,Integrated rGO sensor array distinguishes alcohols at reported 100% success rate.
D017,2860ed7f-a2a8-4e76-9250-e3558d092f23,d80633dc-c57a-4253-8754-29c9366084f5,W2616686898,Gas sensing in 2D materials,2,1213,1212,2,0,0,completed,1,UNKNOWN,E_CAUSE_UNKNOWN_CONCEPTS_PRESENT,OBVIOUS_SOURCE_CONCEPTS,YES,"Review enumerates explicit material families; concepts are permitted even though original technical propositions are scarce. Final chunk is conclusion-only, first chunk contains concepts."
D018,298b9ec6-547c-4544-ad9b-1d7796ef32c1,c3e96320-21ac-4704-a4fb-19af06571af0,W2164878199,Reduced Graphene Oxide Conjugated Cu2O Nanowire Mesocrystals for High-Performance NO2 Gas Sensor,2,1871,1870,6,0,0,completed,1,UNKNOWN,E_CAUSE_UNKNOWN_CONCEPTS_PRESENT,OBVIOUS_SOURCE_CONCEPTS,YES,"Concrete rGO/Cu(2)O mesocrystals, hydrothermal conditions, octahedral morphology, NO(2) sensing and Ostwald ripening."
D020,2ebddf68-fb9c-46be-873c-9d7e19b32af5,4cecca96-6807-47e2-9ca0-97769864eb1e,W2053573257,Temperature and thickness dependence of the sensitivity of nitrogen dioxide graphene gas sensors modified by atomic layer deposited zinc oxide films,1,270,270,1,0,0,completed,1,UNKNOWN,E_CAUSE_UNKNOWN_CONCEPTS_PRESENT,OBVIOUS_SOURCE_CONCEPTS,YES,"Short 270-character abstract still explicitly identifies CVD graphene, ZnO and ALD."
D023,3263deed-de40-4cc0-bf0f-e980647f6535,59a10538-663c-4715-b18e-1868af20a2e4,W2138183388,Biological and chemical sensors based on graphene materials,1,861,861,0,0,0,completed,1,UNKNOWN,E_CAUSE_UNKNOWN_CONCEPTS_PRESENT,OBVIOUS_SOURCE_CONCEPTS,YES,"Broad review but explicitly enumerates electrochemical, optical and nanopore sensors. Baseline review exclusions do not establish semantic-concept exclusions."
D025,3c6c7dee-038f-4e1a-a3be-1f829a96ebdd,2376d87c-359e-427e-8d73-2eaf5638baf9,W1919056245,Hydrogen gas sensor based on metal oxide nanoparticles decorated graphene transistor,1,1088,1088,2,0,0,completed,1,UNKNOWN,E_CAUSE_UNKNOWN_CONCEPTS_PRESENT,OBVIOUS_SOURCE_CONCEPTS,YES,"SnO2 nanoparticle graphene transistor, hydrogen analyte and charge-transfer mechanism."
D028,4321f854-bd6e-4799-a118-a50733440314,e4ba7be0-b5d7-4fd4-b42f-918fa6ac55cc,W3135157331,Recent Developments in Graphene-Based Toxic Gas Sensors: A Theoretical Overview,2,1224,1223,3,0,0,completed,1,UNKNOWN,E_CAUSE_UNKNOWN_CONCEPTS_PRESENT,OBVIOUS_SOURCE_CONCEPTS,YES,Theoretical review explicitly names CO/NOx/SOx and graphene modification strategies. Final conclusion chunk is low-value.
D029,4a17444d-09e0-4cad-becb-0ad9e9a95b73,94abe07d-65fd-4ac6-96c3-0c65e777ed09,W2965196630,NO2 and NH3 Sensing Characteristics of Inkjet Printing Graphene Gas Sensors,1,988,988,3,0,0,completed,1,UNKNOWN,E_CAUSE_UNKNOWN_CONCEPTS_PRESENT,OBVIOUS_SOURCE_CONCEPTS,YES,Inkjet-printed graphene chemiresistors and film-thickness/homogeneity control are explicit.
D035,5f698fb2-5265-4343-a012-0c0fb3c6e9c4,6612f9ab-0007-4924-a4da-dc7e0bafdba3,W2460838568,B–N@Graphene: Highly Sensitive and Selective Gas Sensor,1,646,646,1,0,0,completed,1,UNKNOWN,E_CAUSE_UNKNOWN_CONCEPTS_PRESENT,OBVIOUS_SOURCE_CONCEPTS,YES,"DFT, B-N co-doping, gas adsorption and selectivity explicitly described. Unicode en dash is source text."
D039,6f1fea7f-0d19-4f8a-99cc-842e0fa30c78,6d22a88c-34c3-4c67-b9e5-6b697942e922,W2898341701,"2D Materials for Gas Sensing Applications: A Review on Graphene Oxide, MoS2, WS2 and Phosphorene",2,1583,1582,3,0,0,completed,1,UNKNOWN,E_CAUSE_UNKNOWN_CONCEPTS_PRESENT,OBVIOUS_SOURCE_CONCEPTS,YES,Review explicitly names MoS₂/WS₂/phosphorene and three device modalities; scientific Unicode is intact.
D040,704d0fb4-dc04-4a88-ab73-ab9204758f98,6af55266-4d07-48b0-8540-e27c75e2b857,W2144690954,Ammonia gas sensors based on chemically reduced graphene oxide sheets self-assembled on Au electrodes,2,1344,1343,1,0,0,completed,1,UNKNOWN,E_CAUSE_UNKNOWN_CONCEPTS_PRESENT,OBVIOUS_SOURCE_CONCEPTS,YES,"Au electrodes, electrostatic assembly, hydrazine/pyrrole reduction and ammonia response; second chunk repeats fabrication/application summary."
D045,7b462286-ce94-41ea-b031-543d6aaef0f2,1c23d08f-1b37-4fe9-b84f-2d1671faf6f9,W1982563532,"Gas adsorption on graphene doped with B, N, Al, and S: A theoretical study",1,550,550,5,0,0,completed,1,UNKNOWN,E_CAUSE_UNKNOWN_CONCEPTS_PRESENT,OBVIOUS_SOURCE_CONCEPTS,YES,DFT and element-specific doped graphene/gas adsorption are explicit; zero cannot be justified as irrelevant text.
D048,7e8119f4-3272-488b-a741-a7b4abb14a69,fb67e4c5-00fe-4c1f-98e8-b2286054a0b7,W2024227324,"Science and technology roadmap for graphene, related two-dimensional crystals, and hybrid systems",1,859,859,0,0,0,completed,1,UNKNOWN,A_LOW_SPECIFICITY,LOW_SPECIFICITY_SOURCE,POLICY_DEPENDENT,"Roadmap overview names graphene/related materials and sectors but few concrete technical processes or devices. At least a broad material concept is present; zero may be compatible with high-value selection, not proven source-caused."
D058,95ad40b5-46f9-4654-bdd2-96e396478d6c,5d78f622-9582-4379-86bc-349d581c6c09,W2752122312,Flexible Graphene-Based Wearable Gas and Chemical Sensors,2,1945,1944,7,0,0,completed,1,UNKNOWN,E_CAUSE_UNKNOWN_CONCEPTS_PRESENT,OBVIOUS_SOURCE_CONCEPTS,YES,"Wearable sensor review contains explicit materials, gas/heavy-metal analytes, VOCs and performance dimensions in both chunks."
D063,9e83b80f-5ab2-411c-b800-3f6eac578f51,0038a0ff-85d0-465c-995f-640533102966,W3091315741,A Review of Inkjet Printed Graphene and Carbon Nanotubes Based Gas Sensors,1,1053,1053,5,0,0,completed,1,UNKNOWN,E_CAUSE_UNKNOWN_CONCEPTS_PRESENT,OBVIOUS_SOURCE_CONCEPTS,YES,"Review identifies inkjet printing, CNT/graphene material variants, flexible substrates and named gases."
D065,a699dfba-8207-41f9-a491-43a360e40cd9,35ac4a5b-05aa-493c-b96d-a1935663963f,W2083254069,High sensitive formaldehyde graphene gas sensor modified by atomic layer deposition zinc oxide films,1,804,804,5,0,0,completed,1,UNKNOWN,E_CAUSE_UNKNOWN_CONCEPTS_PRESENT,OBVIOUS_SOURCE_CONCEPTS,YES,"ALD ZnO film, formaldehyde, 52% response, 180 ppb detection limit and 36 s response."
D068,b102c67e-e167-49c6-a3cf-5c14d31d8fc1,92e8fd81-3dcc-4b98-a485-c6e98506c30d,W2738950220,Highly sensitive and rapidly responding room-temperature NO2 gas sensors based on WO3 nanorods/sulfonated graphene nanocomposites,2,1280,1279,9,0,0,completed,1,UNKNOWN,E_CAUSE_UNKNOWN_CONCEPTS_PRESENT,OBVIOUS_SOURCE_CONCEPTS,YES,"WO3/S-rGO architecture, hydrothermal preparation, NO2, 149% response in 6 s and charge transfer; final chunk is generic summary."
D069,b5e40c7d-735b-411c-b69b-1cb38751ddb4,5967d42f-3bfb-46d1-9892-30c69f4cc320,W2312656922,Palladium-Decorated Hydrogen-Gas Sensors Using Periodically Aligned Graphene Nanoribbons,1,910,910,3,0,0,completed,1,UNKNOWN,E_CAUSE_UNKNOWN_CONCEPTS_PRESENT,OBVIOUS_SOURCE_CONCEPTS,YES,"Periodically aligned graphene nanoribbons, laser interference lithography, Pd catalysts and hydrogen response."
D080,c9984def-b7e0-46b4-a20c-b9abdb6e2c18,9cfa3835-9652-4a8e-8cf0-dc3517ae6238,W2157202716,"Heteroatom-doped graphene materials: syntheses, properties and applications",1,1026,1026,1,0,0,completed,1,UNKNOWN,E_CAUSE_UNKNOWN_CONCEPTS_PRESENT,OBVIOUS_SOURCE_CONCEPTS,YES,"Broad adjacent review but explicit heteroatom doping, synthesis and energy/sensing/storage applications."
D084,d9353f7c-7923-4367-bf9f-78451104b2f5,58e3ff7b-0115-48b5-bc95-f681f230bc5a,W2854295798,Research Progress of Gas Sensor Based on Graphene and Its Derivatives: A Review,1,1041,1041,0,0,0,completed,1,UNKNOWN,E_CAUSE_UNKNOWN_CONCEPTS_PRESENT,OBVIOUS_SOURCE_CONCEPTS,YES,Broad gas-sensor review has explicit graphene/composite materials and properties; little paper-specific device detail.
D086,dfbf11ae-d233-47e1-bfbf-505e8c2d0594,492a1b53-1647-494e-9c68-09a592c19fe4,W1980451576,Toward Ubiquitous Environmental Gas Sensors—Capitalizing on the Promise of Graphene,1,1133,1133,1,0,0,completed,1,UNKNOWN,E_CAUSE_UNKNOWN_CONCEPTS_PRESENT,OBVIOUS_SOURCE_CONCEPTS,YES,Mostly historical introduction; explicit graphene isolation process and environmental-sensor application still present. Lower priority than concrete-device abstracts.
D088,e4a11c17-4a02-4845-9887-a6d113174d38,c7e13140-db25-4e2d-a4ed-0a1c7aa4723c,W2335496883,Graphene Nanomesh As Highly Sensitive Chemiresistor Gas Sensor,2,1724,1723,16,0,0,completed,1,UNKNOWN,E_CAUSE_UNKNOWN_CONCEPTS_PRESENT,OBVIOUS_SOURCE_CONCEPTS,YES,"Nanomesh patterning by nanosphere lithography/RIE, p-type graphene, NO(2)/NH(3) sensitivity and detection limits."
D091,e6844a28-6617-497a-bbdb-62545365b18d,b9727eb6-6a62-4734-b5c7-d4b76559d090,W2169503583,Nanostructured Pt decorated graphene and multi walled carbon nanotube based room temperature hydrogen gas sensor,1,757,757,4,0,0,completed,1,UNKNOWN,E_CAUSE_UNKNOWN_CONCEPTS_PRESENT,OBVIOUS_SOURCE_CONCEPTS,YES,Pt-decorated graphene/MWNT hydrogen sensors and drop casting are explicit.
D092,ea87c55e-72ef-439c-aa6b-7285edc49095,19bedd9d-3827-402c-894b-e8ca762ecff7,W1994481181,Improving gas sensing properties of graphene by introducing dopants and defects: a first-principles study,1,1191,1191,0,0,0,completed,1,UNKNOWN,E_CAUSE_UNKNOWN_CONCEPTS_PRESENT,OBVIOUS_SOURCE_CONCEPTS,YES,"DFT, pristine/B/N-doped/defective graphene and gas adsorption/transport changes; baseline has zero facts despite clear concepts."
D097,f1c4d560-678f-4ead-af98-f670b31ac562,0601856a-895b-43e6-be4c-dd2b0af16f9e,W2017626781,Highly Sensitive and Selective Gas Sensor Using Hydrophilic and Hydrophobic Graphenes,1,933,933,5,0,0,completed,1,UNKNOWN,E_CAUSE_UNKNOWN_CONCEPTS_PRESENT,OBVIOUS_SOURCE_CONCEPTS,YES,"Hydrophilic GO/hydrophobic rGO optical-fiber array, named organic gases and >90% humidity."
